Feature 1,Feature 2,Target
-0.49009680565676433,0.03751277260477456,1
0.21983616587689633,-0.3996502170767754,1
-0.8545645415408961,-0.349471419482602,0
-0.9564066733656205,-0.2567141087297964,0
-0.878755926021847,-0.6303449575764126,0
0.268721102598673,0.3992359600388416,1
-0.40871936444977763,0.23814836528082428,1
0.9518571105355,-0.026584291293127095,0
-0.1781826083717282,-0.46638882190288045,1
-0.5362609900296312,0.827845416867626,0
0.20361680259404594,0.5091442573322501,1
0.42860650311486487,-0.2265395489048173,1
0.9769871413479861,-0.2121536707389332,0
0.29541955700587597,-0.38571732041254525,1
0.888004076409918,0.5565724372408524,0
-0.21400600278242118,-0.4893624395557829,1
0.4753541038551825,-0.08517995117380273,1
0.38011695435199216,-0.9627861484016746,0
-0.8745125193159802,-0.47493780284038656,0
0.9080248960203697,0.4421784133847269,0
-0.4340513388147366,-0.25854899782939095,1
-0.4214767013097025,0.004590406425919366,1
-0.46678691434387676,-0.2897644052535548,1
-0.26603192840435064,-0.4606476509808555,1
0.33967213530300905,-0.30612531679726585,1
-0.8991963153998347,-0.4500938164435845,0
0.5194352942936993,-0.20750447511481962,1
0.4250205803303,-0.14428956819510524,1
-0.2671041460540137,-0.3618799604468451,1
-0.10448877076427043,-0.5139261555747421,1
-0.43459305421710565,0.213278277271145,1
0.3527445049576033,-0.9239416564656271,0
-0.017229400327756966,-0.5228095802805064,1
-0.46647558896791014,0.39267320250796217,1
-0.21208958203003764,0.9403142006187872,0
-0.9605141338400472,0.23579482906758775,0
-0.9157842337353853,-0.3330779810686322,0
-0.9301658616240011,-0.3857105768881134,0
-0.4698118256657308,0.11227521790210829,1
0.7798489849318164,0.5768109423930383,0
0.21328678518627558,-0.4240519446081983,1
-0.8014997332159284,-0.5573096415709728,0
0.05878683391817844,-0.45833200726976175,1
0.30892476631078847,0.442662787848407,1
-0.5230492699486458,0.3122651738073564,1
-1.0453520032375678,0.18273542466197973,0
-1.0044256340429336,0.024345767464063355,0
-0.8695049529353542,0.5263400100055894,0
0.9606312026686616,-0.07015623086493593,0
-0.2507913381707605,0.3700767829804025,1
0.3993976555318673,-0.8519829719043805,0
-0.23697570432990112,-0.9708646405554138,0
-0.4738245913738909,-0.11243438497835279,1
-0.024358241153574753,-0.5811203940364071,1
-0.05632632076883915,-0.9995085761588779,0
0.8223060853110592,-0.6192447449771736,0
0.87006972861462,0.48000926023132506,0
-0.5099558172408445,-0.7840449797075139,0
-0.8333194066904355,0.5166962019674931,0
0.12232181999655081,0.4828181259391669,1
0.5039472845202168,-0.8208240320575605,0
0.03822829259360172,-1.0328160458877025,0
-0.5467479228231578,-0.7969876979361884,0
0.7772963844226513,0.47691941631841817,0
0.48208516648580957,0.27216521043189734,1
-0.5448095685754588,-0.8489335585525645,0
-0.8448358612790771,0.562041821835793,0
-0.41152361949289945,0.19646764587652635,1
-0.24220470280962925,-0.43519001249788597,1
0.03662973046317135,1.025676172557979,0
-0.811624692849887,0.6117936785912743,0
0.43408066397231104,0.3668629588873476,1
0.5771611742681602,0.2309334239251782,1
-0.7565356212819564,0.7346676290462801,0
1.0171102304682527,-0.3833372206098874,0
0.15550590796660105,-0.4414765717965275,1
0.812081262211764,-0.7415109539878825,0
-0.3504908817097868,-1.0443236423800313,0
-0.7229347757442984,-0.6409768243220898,0
0.0032455761878734182,0.4949208276397329,1
-0.4271651831664267,0.40523725056629584,1
0.9461475933081119,0.3952693225900393,0
-0.43455935660062395,0.866846110413604,0
0.43950026774619205,0.1250887845913886,1
0.447396083388216,0.24514771100391078,1
0.9119268996803935,0.5042896346144092,0
0.38619571526163343,-0.9105615701826414,0
0.057858031272658116,0.5758172846275452,1
0.5473339639075927,0.16406266648369702,1
0.027623840498278703,0.5015121458957948,1
-0.41149207564157697,0.02267809966544812,1
-0.4122316154265636,0.9002820892867315,0
-0.725898150473882,0.6636776651015353,0
0.3071193326942454,-0.48015580263082447,1
-0.4646328781180351,0.26832557903409393,1
-0.6676716146336952,-0.6957305608030838,0
-0.8271085905487314,-0.350593356861995,0
0.5259715792947248,0.7412926925693286,0
-0.5015987823002777,-0.1872631505388165,1
-1.032051921490341,-0.16547800382642103,0
-0.11325441979138243,0.37864274931848435,1
1.0479041003380185,-0.24479547585676537,0
-0.4851686097164222,-0.07334423055100436,1
-0.5144915952220863,0.0870724156087574,1
-0.43576712167938897,-0.7763062779556178,0
0.8625135839681304,0.3326910486548845,0
0.9019690503285155,0.4594200678253188,0
-0.5733660102249125,-0.1814094288163018,1
1.079045449334434,0.16199532435629077,0
0.24544541652998417,0.3736442649256085,1
-0.6015585110376624,-0.77006862245329,0
0.010995615669339445,-0.5629141104132432,1
1.0693499987994022,-0.12215282406125394,0
-0.33122109393377275,0.8266349802210334,0
0.5425981508808082,0.9103212166177581,0
-0.8518634237748423,-0.43004586003427564,0
0.5002382096645309,0.3850689829441451,1
0.14655600839258556,0.9641356927013717,0
0.5781724307016785,0.7972652018389936,0
-0.5073647979404224,0.12567833239226345,1
-0.11182463970184585,0.4978862981580486,1
0.29466468851144,-0.5080128726740092,1
0.3248089973002438,-0.2720996216397629,1
-1.0504541673069223,-0.314216970365985,0
0.32650090927855,0.9296674955634915,0
-0.3057369914784602,-0.38711471937377384,1
-0.10103967495136819,-0.5147072533843206,1
0.46143598754382803,0.07437547328770194,1
-0.3489715170444646,-0.3747943067721563,1
-0.7485225690387961,-0.6561827637598642,0
-0.2657603293812679,-0.4092775029402577,1
0.7738886581305743,0.6218818189677322,0
-0.23346588922388473,0.43144542085806914,1
0.5235434214514383,0.007678748885717429,1
-0.021397750425996676,-0.9502924873858091,0
1.0092360895755415,0.0697519671773679,0
-0.5027577901265338,-0.8597254623304805,0
-0.9912459225497333,0.18252770169447666,0
-0.23124372856223444,0.3958242202091602,1
-0.6178077112095055,0.7417812477743528,0
-0.4437073650717429,-0.2249435310999492,1
-0.6598344207012076,0.8125550371428895,0
0.5362430839353318,-0.17887557238563967,1
-0.3474434256025162,0.8421393740458234,0
0.2459603409298498,-0.8808693911171769,0
0.04164733293575423,-0.6078446457505524,1
0.9451336907464515,-0.3398169373943504,0
-0.2687703654149958,0.42916797012588315,1
-0.9624599556324085,0.44516964676841214,0
0.5455991403365639,0.16732835003886307,1
0.34310632405788033,-0.4624618163401919,1
-0.47852886769468106,-0.29541660026889155,1
-0.2552824985682573,0.45492608715560356,1
0.5610727340995441,-0.1242441811010371,1
-0.29206785055435763,-0.862572907685208,0
0.39097850260430517,-0.23080160549953116,1
-0.4584228941858088,-0.16505990316938746,1
0.04366322047450304,0.9704195556268623,0
-1.0597514751195094,0.13717565092907727,0
0.9553337930343042,0.2969931501911059,0
-0.839129209760789,-0.3228613017217902,0
-0.9635759974423567,0.2952783361754694,0
-0.3791128081038081,0.3769304326374598,1
0.3018230930426323,-0.2908225631746382,1
0.6099494752370412,0.7518826500994448,0
0.6408908381036046,0.8008260190988483,0
0.4688166818151428,-0.09078697427602883,1
-0.4377154650553522,0.31349035797920904,1
-0.11728564691924892,0.5275393122787128,1
-0.9752726441291049,-0.1557212886341795,0
-0.4434807325216393,1.002576473599866,0
-0.42192229710655593,0.12915006261674963,1
-0.5529696065234975,-0.842147717978156,0
0.9505329546365133,-0.4194239771171801,0
0.4939158965284141,0.9538000743224597,0
-0.4610478985033876,0.8554472788067747,0
-0.46324347416957384,0.06888863597867767,1
0.8935179735433327,-0.5108691057934951,0
-0.6528128020047261,-0.7594750993051926,0
-0.08850158692946572,-0.5115292998007855,1
-0.6439906448105377,0.7251191146412,0
0.2860397743063744,-1.0812951566490514,0
-0.15686240005978738,0.9446920127437661,0
0.9292631220459172,0.23273307608873683,0
-0.039107351975445556,-0.46162375878407863,1
0.4046069437270626,0.2599902675973131,1
-0.2607806848896081,0.4046144550870185,1
-0.9151229948016752,-0.004097709069298572,0
-0.546711324676176,0.11228584588609708,1
0.19865007182435265,-0.504042874066674,1
0.04703376551313555,-0.9392942478102445,0
0.2137360594360186,0.46849541106790377,1
0.09274119523412187,-0.5627598055982563,1
-0.025146848632467446,-0.41775794051484405,1
-0.08651700307322874,0.4386731874938344,1
0.15269085473059657,1.083007211567056,0
0.1429186635324385,0.5340862651791061,1
-0.7841820213688987,0.577835937134544,0
0.5311259792124376,-0.056892971675240364,1
-1.023347333733456,-0.21204112820178056,0
-0.19423520414610362,0.4743124050727214,1
0.3413964301040437,-0.96371508965875,0
-1.0273324096306944,-0.39957099724411216,0
-0.775926246845966,-0.6703441689707531,0
-0.42853157063914626,-0.2292859397008445,1
-0.04008233359039609,0.5260994196252027,1
-0.1154905193086185,0.9081942360079716,0
0.687285807752803,-0.6195070135183134,0
-1.0175199636011747,0.2391757611071375,0
0.27649667719272375,0.40681303346552283,1
0.9045882460219892,0.4693072478533049,0
-0.4452133131775764,-0.14559045597084136,1
0.43414921191696043,0.06390923369438432,1
0.4040516208619658,-0.29960133117551496,1
-0.6543952904467787,0.7568068221082491,0
-0.9590262212984855,0.19240971273923815,0
-0.37736802146111476,-0.3165766194737567,1
-0.6712027576418585,-0.7468344060348145,0
0.17405734310972698,-0.39725946142733337,1
-0.0865450749737567,0.872706463348957,0
-0.27115092030011195,-0.5026119232039389,1
0.15925600659764177,0.5468236598911542,1
1.086991613521773,-0.04559617839271119,0
0.04472123117022095,-1.0205317851127829,0
-0.28005789376107404,1.0165863897453653,0
-0.7583768241725418,-0.6019190160228944,0
0.9324740957322827,0.38015051872986844,0
0.9375741354752942,0.3722377897024802,0
-0.40431032862273475,-0.28012149712461726,1
0.2453798377805813,-0.3929972066255578,1
-0.39061352500512425,0.0714554329180381,1
-0.9011136452288754,-0.44807472150667105,0
0.9557678765327553,-0.2010140524155009,0
-0.4608032891327565,-0.07214881780981577,1
-0.28660476719196976,0.4537950277402211,1
-0.4020558267237559,0.28235760548646266,1
0.06884594104068681,-0.5597140226621331,1
-0.36551398116446304,-0.3868670393744275,1
-0.3062534948115052,-0.47227916392247116,1
0.4855971959681092,-0.14227724264393693,1
0.43337135428404416,-0.9732526720996336,0
-0.4775838994331316,0.2762250716671626,1
0.3975942261056279,0.28999716807918396,1
0.7513914150092617,0.8049271206544939,0
-0.28939518837336164,-1.0046974572098784,0
-0.3146606593389515,-0.983888427786803,0
0.18601653100728302,-0.4591714953246198,1
-0.4178852019613118,-0.15814709621199308,1
-0.36579145635835697,-0.2677521151041711,1
0.5477525760653272,-0.9574782389456168,0
-0.4065915850556027,0.36217215471780334,1
-0.6165136591109625,0.7654224556743111,0
0.08988987757122804,-0.505286760331989,1
0.5757096155513938,-0.8810078811487623,0
-0.29645614666312226,0.36002380694383757,1
-0.1356099375312643,0.4145373333081969,1
-0.952676673641483,0.008815521413646787,0
0.15228512202176953,-0.9516259429142248,0
-0.19171256583978058,0.44669611214142396,1
-0.4726939806921862,-0.05351225216355501,1
-0.5266279550542271,-0.1104223554526666,1
-0.358607627483234,0.8566696123937517,0
0.29911958027276747,-0.9005795563160696,0
-0.11726105608949736,0.5408126717611083,1
0.4624283762802965,-0.25885168778265316,1
-0.4847671188608588,-0.17548689097315104,1
0.2239689572198316,-0.965943007912169,0
-0.14148740537468374,1.0107222421874353,0
-0.5766386639056051,0.20232238105804082,1
0.08301570916833784,0.4604308162008803,1
-0.9892530112635615,0.23207250541779542,0
0.8827493870210672,0.4799649815720183,0
-0.7838797785955558,0.6286565621177216,0
0.44536711360019776,-0.21007386582969415,1
0.3562690037167554,0.3241950366778708,1
-0.24754784993027065,-0.567775425348662,1
0.36262757362883297,-0.3656273162821626,1
-0.3184613312830615,-0.3141071803698506,1
-1.0040519058741884,0.0310962217249312,0
0.1836023111076802,-0.5080541543823769,1
-0.4030653709831837,-0.27134777541731037,1
-0.07864381885222074,-0.542755937980659,1
-0.26410255669325233,-0.3931853636537964,1
0.8876088800009271,-0.3944261358050638,0
-0.4225456547223116,0.9248671579438675,0
0.48996463147325503,-0.8952249575309771,0
0.04703240471500261,1.0185336578815276,0
-0.20517453908648328,-0.4960292775479957,1
0.7665356292248903,0.5887406691390158,0
0.238544391486196,-0.31144140133751336,1
0.2594467346924642,-0.9965417927340414,0
-0.47270438666288567,-0.10277274669301792,1
0.581866241412205,0.8014369014904257,0
-0.11320997523224038,-0.4948156429909853,1
0.49940826765248236,0.041382712662969875,1
-0.24807392511487802,0.49439015739250186,1
0.3937824824589432,0.2112414568458124,1
-0.20110773233590526,-0.47915493892026156,1
-0.5304969388152894,-0.05848884450361076,1
0.49345094032130093,0.3055031582562396,1
-0.9821564525312313,-0.09272598780397098,0
-0.26361748529910445,-0.9809968606228384,0
0.45045301175953223,-0.11793523457133986,1
-0.45686537134972305,0.09695502822968444,1
-0.9530479093326502,0.4265737970572465,0
-0.9430322498722469,0.12726874629477178,0
0.4373799296630655,-0.06599135947894777,1
-0.28048618190430286,0.3725058446242092,1
0.9627702809976306,-0.3354135944772237,0
-0.9785892437374034,0.32145279448154673,0
-0.882461993713784,-0.39627217764991224,0
-0.22344256069820012,-0.45820322683631576,1
-0.8918894309087413,-0.347384437489851,0
0.47225130718070607,-0.778849499169332,0
-0.4146178902637081,0.18976302295192193,1
0.8302980848475942,-0.5623269387242675,0
0.9294861682694099,-0.41968972696901763,0
0.5554588372072163,0.06850638717880343,1
-0.5340377449980334,0.909887032182557,0
-0.5367955958454451,0.1286903411403629,1
0.1677596032442812,0.4293989572169003,1
-0.47202712287179,-0.20728947249699292,1
0.7928721093054143,-0.6779421591450026,0
0.34079443252116404,0.2862758997921945,1
0.495001952364604,0.21326762496204876,1
0.5560217032366788,-0.17610621199809645,1
0.7405074566025523,0.6438982990384362,0
0.3822248136301455,-0.30173924773134236,1
-0.47897873603345875,0.7795869345192286,0
-0.7556531393963434,0.6755172970436752,0
0.5494515070558708,-0.14201818047381173,1
0.208762612038973,0.4232419096874235,1
0.5272250494969767,-0.04562582398262277,1
-0.2816148892493575,0.4899741480808066,1
-0.21844175850638173,-1.0005857483386456,0
-0.28191719300714996,0.3674440656378367,1
-0.23832426414477859,1.0049866858202392,0
0.5404387588603777,0.7844752758244184,0
0.790825942590887,-0.49438703364282827,0
0.19815348950272305,-1.0324596054584976,0
0.1280454003480071,0.9247767334881042,0
-0.19245135461484816,-0.8898015331959359,0
-0.3777495561746431,0.22857002854504532,1
-0.48422360313590435,-0.27223287832234816,1
-0.5636895216760055,-0.06105949044888059,1
-0.14742055979555296,0.46051338448839024,1
-0.6835078190987549,0.7559486801904283,0
0.2834330854392145,0.4225960300835638,1
-1.0231809255033542,-0.0089267384438493,0
-0.37770449642515547,-0.2888937079323377,1
0.9505153933839765,0.2558796056360453,0
-0.051876695691298505,-1.0299957591372488,0
-0.19070774046332603,0.9945511426176104,0
-0.3364237102105051,0.2953154636480613,1
0.024697023612239313,0.47209744809084664,1
0.49280877758422903,0.33886302729713785,1
0.3751914500543567,-0.9523314609782904,0
0.014590355685318883,0.5050171333084879,1
0.4952041006412495,-0.9346103856391268,0
-0.057344229787876996,1.0068955846878191,0
0.9314563342271225,-0.2825305968500077,0
0.030651010101195576,0.5277294894835691,1
-0.4731309052380888,-0.058468514794428814,1
-0.3946995342955485,-0.3237526034248042,1
-0.5497914246561272,0.06254010243391947,1
0.12015206565968754,0.5582721300913893,1
0.7810311770532986,0.6111220031063427,0
0.9356426451323446,-0.39731176490907016,0
0.8956331789089143,0.321542224047791,0
-0.05038813858583954,-0.4743172788124009,1
0.3776067392886779,1.0101786478247021,0
-0.46061976342042044,-0.12980962101224922,1
-0.5502822328635922,-0.0777066786589583,1
-0.20673397530825166,0.5093154822970258,1
-0.3394054045014896,0.2566337848884852,1
0.491292773026332,0.19532847679990104,1
-0.33705163320299447,-0.42332129716565925,1
0.3863413667817269,-0.0852110408539819,1
0.43625958993863295,-0.2021284659948483,1
0.11092118010223134,1.0379133244310275,0
0.12558421250501328,-0.44566612944241135,1
-0.18523762649898629,-0.40540019553148676,1
-0.28706784717262834,0.42765860755104596,1
-0.06152001626177093,0.4628343533688434,1
0.38742413262639847,0.18678052397548672,1
-1.020871161952076,0.16074498733902776,0
-0.5635031834409809,-0.2628653883385784,1
-0.4157322784856473,-0.33093334629977966,1
-0.9969968642465384,0.21495038808787703,0
-0.2982337948453032,0.37410186976136517,1
0.3776235168235238,-0.8616467717586695,0
-0.06169272616231054,0.41776228417420974,1
-0.3004338593038829,-0.41970407482801175,1
0.15874669581969403,-0.9648205017891864,0
-0.1801899055053536,-0.4246172084282812,1
0.6700647290075934,-0.8306690715690163,0
-0.45308834851300794,0.8777344453917606,0
0.2854536363397912,-0.40670753978803353,1
0.5086353370949512,-0.23093040562005193,1
0.5135708169511498,0.03138530263552892,1
-0.2543390002603339,0.4555698152602856,1
-1.0009901812654973,-0.23835523168990533,0
0.34875070976212874,-0.2923965931047873,1
-0.36473641811741536,-0.35771927521682145,1
-0.8727648063789055,0.46942482824285725,0
0.2521164482293423,0.43325608650886505,1
-0.9671944873973102,-0.21293640065853436,0
-1.065519655787281,0.09603458358201264,0
0.9362431393384254,0.40876771787327065,0
0.10949251563596715,-0.43653308762594994,1
-0.4669201411998922,-0.24488415557027127,1
-0.8517417921924666,0.4806686484580316,0
0.11174974519167022,0.4867856738329537,1
0.572049020069993,0.8218688894590855,0
0.9071740299472473,-0.16413905920657051,0
0.9594366300459298,-0.44872075088787894,0
0.6905971574498533,0.7622668963683592,0
-0.5244547392959453,0.014865482284042398,1
0.7323056710441307,-0.6025004403686919,0
0.29339234715156437,-0.45191700694138626,1
-0.6410059035274274,0.7308130967329904,0
0.8964303593067116,-0.5930521508188676,0
-0.7988065625803653,0.6295683842258508,0
-0.2628688790772261,-0.923547891912845,0
-0.046180178359420926,0.44232546928916433,1
-0.36126770955978654,0.37431113585122405,1
-0.09985675536755788,0.4820801124187487,1
-0.9344806950387815,-0.035618287163165535,0
-0.7535603710660691,0.677596223322349,0
0.41377484801351605,-0.25155357448359844,1
1.0130394981945723,-0.12253119397793705,0
0.5428880015352429,0.9730263657060765,0
-0.8917638750572483,0.5030976119046683,0
-0.8066605459335795,0.7452101516547911,0
-0.1401951885406307,-1.0067319371470806,0
0.9755001070622891,-0.20242528943495028,0
0.12660728264777893,0.45580678512348105,1
-0.9444979284169362,0.13912699498504363,0
0.17886354847505645,1.0656585139391765,0
-0.1361046170022492,0.5255350373562959,1
-0.470919514168264,0.0791591035964952,1
0.6500912798787762,-0.6977595365178855,0
-0.2604461994724098,0.959029643708992,0
0.3427916355548595,-0.31020472573516356,1
0.326218918202893,0.9611676836255559,0
-0.47252810165108494,0.09624507891764311,1
-0.20381030348509666,0.5378715878819204,1
0.6131094733632769,-0.7486417112459038,0
-0.48129365782839606,-0.27524074741338095,1
0.571538324964622,-0.0219534122090603,1
-0.5345208279866089,-0.7410772156276167,0
-0.31117615575928015,-0.981230382008784,0
-0.14099314583510242,0.9488186215360737,0
0.21527280982755043,0.4583029326455287,1
0.3216318634694001,0.27685494900637914,1
-0.4387592860156616,0.20631232135767733,1
-0.40161161344202484,-0.29534079870425084,1
-0.5392181351181952,0.20351122622861617,1
1.1113150130897635,0.0583473179973346,0
0.20694788940311026,0.870493526917052,0
1.094855935466599,-0.2757167448224848,0
-0.6535849149644272,0.7087058697157098,0
-0.8233038134111682,0.6400295973098814,0
0.29134188009431294,-0.983890344645406,0
-0.7870600616184258,0.579910741655964,0
0.6338425532816958,-0.7060387248499453,0
0.29964609615185567,-0.8895695572029932,0
-0.3768194911042163,0.36671848595582124,1
-0.09105471155716897,-1.0256473833111615,0
0.013440209862268827,-0.5317830097012677,1
0.48789617332154767,0.9207360945961767,0
-0.38776236783520257,0.19714938242192914,1
-0.8802302951058811,0.31137468609483143,0
-0.8660674265893379,0.4487441101582378,0
0.8738527737990938,-0.6136417252982963,0
-0.6208475002133096,-0.7054457645588958,0
-0.0028962507252658642,-1.040851878184045,0
0.47176667228147234,0.9105230338710577,0
-0.5395778355548856,-0.9348632083248849,0
-0.4292211622750115,-0.8399502582389344,0
0.3018611203979768,-0.3747971866646429,1
-0.8646886661596703,-0.436073934512755,0
0.20018079645645873,0.4291034830164646,1
0.4974585196485132,-0.2102439768395955,1
0.5104254222704838,0.0927091477247079,1
0.7849335448797876,-0.6075433436568995,0
0.12201017945129441,1.0475148129534522,0
-0.24834551418170464,-0.4775927914048309,1
-0.09418059365213491,-0.5668955227680842,1
0.15692556635526012,-1.011291681506963,0
-1.0184252750347365,0.18309150059259532,0
0.05799517170650911,0.5065685335546299,1
-0.14352620275787958,-0.47138712499443997,1
0.2624808088290356,-0.5009492676370506,1
0.0225361290020318,-0.47439945394275207,1
0.23258546383355316,-0.9889122086495092,0
0.8213484468093615,-0.5053816295931063,0
-0.04035149360098736,0.9465449943118779,0
-0.2930800597856149,-0.38904597096214943,1
-0.5170041461177031,0.3173536219747693,1
-0.8421021607181816,-0.43730609173639934,0
0.4887882951989057,-0.25345489667208865,1
0.7001568941750332,-0.6793008159265258,0
0.695050878575028,0.7412183788112944,0
0.09078077722805278,-1.0563712273678871,0
-0.4092487297001468,-0.3613889962934217,1
0.20603535505299364,0.963581868234412,0
-0.9535132737810257,-0.30677768683321355,0
-0.981058179806253,-0.4033676943552458,0
-0.3375097354407129,-0.3637573094083628,1
-0.6996882498231815,-0.7495013865612518,0
-0.44898810961563385,-0.9020923991313864,0
0.01747078679116422,-0.5770697250819184,1
0.43592703607838296,-0.22565060944378523,1
-0.5208034883318132,0.0803009571353972,1
-0.7963912696624764,-0.5248306239964349,0
0.08102779714533988,0.9307296589569418,0
-1.0478489693774766,-0.08802024819097426,0
-0.08926032169035944,-0.42733112815117585,1
-0.008367089858086681,-0.5586200781716919,1
0.1905771707694356,-0.42237346351555927,1
-0.3614785745119863,0.3467205804550372,1
-0.5473639873989175,-0.13102046072401818,1
0.5543242513160547,-0.7538978606448065,0
0.250663367801815,0.43332319909690065,1
0.4989243450868646,0.19055389688786942,1
1.0819589693034282,0.027851003058535093,0
0.2758951152178706,0.2908237019172592,1
-0.8123887683352606,0.6314749759930622,0
-0.17244777771455433,-0.8896188625444884,0
0.2023922330726537,-0.4249349922976491,1
0.7511961818401456,0.6549059455849747,0
-0.4490527191139935,0.350362213185469,1
0.4270996894307721,-0.4866165080588326,1
0.02211273265477036,-0.8967918453915628,0
0.16752490163841527,0.49206181344280886,1
0.36032934467793853,-0.44731109654848555,1
-0.485183369215266,0.18825856937766677,1
0.08248752337059381,0.44104211277225525,1
-0.6929583327237366,0.6725125570321548,0
0.3947413086932742,-0.3174819054938321,1
-0.3814448554577379,0.43869681584988335,1
-1.0136403238028937,0.1702862258242641,0
0.0819631306149507,-0.9598327713832555,0
0.37411773735944204,-0.2821416213391761,1
-0.3519856597791131,0.3315538998841441,1
0.2746247425258209,-0.9029066799569907,0
-0.7572544066551653,-0.5543505180159425,0
-1.0061864168133585,-0.017823581868415962,0
-0.9694237014960178,0.3541073178862953,0
0.522704751682614,0.04942027323624833,1
0.06138422529096427,-0.4645149539375959,1
0.9359712131990243,-0.3645693755868034,0
0.25096109168307656,-0.3520309376702652,1
0.0528334455986426,-1.0923620432427414,0
-0.868640609517685,0.4776724640627895,0
-0.923932291351471,0.47638786293529,0
-0.06759850295699002,-0.4666514582980278,1
-0.1188886373685864,0.49274321244952546,1
1.044016723381239,0.16214730181615689,0
0.15911508163062263,0.9735091605361642,0
-0.6503436219016119,0.78327172357174,0
0.39530034978333184,0.23831048420205375,1
0.5023461267186895,-0.04221654589844936,1
0.4719360193488582,0.24808177541267654,1
0.3825833246521948,0.8460978237582061,0
-0.1479417647797257,-0.9644318870213446,0
0.4596764808127055,-0.884522792615208,0
0.41486853555108355,0.3479181863225524,1
0.5898717437937548,0.15304473727998597,1
-0.1638645561803289,-0.9092565411424112,0
0.3568755496975305,0.8668793373397073,0
0.011529890455530455,-0.5866941009644397,1
-0.3630663394425588,0.45498061739926243,1
-0.27322781224604514,0.9942239155679371,0
-0.13884908498590093,0.41171556183569163,1
-0.9243663908733804,-0.2344889192531531,0
-0.8692957883385452,0.4171901045816937,0
-0.8524178561347381,0.7164306309427,0
-0.20020223589580727,0.4382263799961735,1
-0.3642403004788109,0.3588048588031025,1
0.8371738704337388,-0.6116663741130379,0
0.5352078249369775,-0.07994164509297808,1
-0.04119232830790236,0.5307953594059582,1
-0.14804163767293582,-0.4756461771830637,1
0.050390848665029894,-0.9790471634061506,0
-0.47416136014006266,-0.9060605370411954,0
-0.4122877573057288,0.356642594574481,1
1.027188942134685,0.007128489710594443,0
0.45314342941376107,-0.17395425308325013,1
-0.6982843990059331,-0.7368632886605172,0
-0.7873485231153342,0.41660169485238335,0
0.8778621162052285,0.040367070397742885,0
-0.1501713040334688,0.5336361328654456,1
-0.11508157037346187,-1.0332727636092518,0
0.4756079325172845,-0.08348400167465465,1
0.8388625924792237,0.3878746965267321,0
-0.21245589641351004,-0.9144366386606977,0
-0.42125608368232903,0.9290460870444962,0
0.4756553493163652,0.9370188616893558,0
0.3585522894963487,-0.9539664566361861,0
0.5101402000101125,0.062257653008192734,1
0.3296560979270041,0.4583892648423989,1
-0.5190694280185547,0.1522317548040501,1
0.21856309761830972,-0.46795124982204983,1
0.18008556065879208,-0.9585277050538261,0
0.4418947905010934,-0.10298156900407392,1
0.42075851762741556,0.19592645489000415,1
0.30440880962930195,-0.399157403157512,1
-0.9670133408348606,-0.022152996938190457,0
-0.8265389480399332,0.44165576870014966,0
-0.7759711517614116,-0.5598309511134762,0
-0.9767643581619301,0.4356966402680143,0
0.46943335607379727,-0.10843624306428187,1
0.47948923869344456,0.23113964576725288,1
-0.5087257898522929,-0.06388560664649318,1
-0.9732481694488063,-0.42247829854574714,0
-0.17389426387017795,-1.0330912796300027,0
0.3230442010830057,-1.0065495990621953,0
0.21354914098596445,0.4043310560091856,1
0.5822340644730777,0.012628971627188651,1
-0.3291474951535957,-0.24876958740706412,1
-0.45575950375098917,-0.12204594919612674,1
-0.26181128484389954,0.9547315572680395,0
0.8772456716673898,-0.25759341381531603,0
0.4145603603002586,0.22100034600308457,1
-0.15545913014804127,0.49839867141089367,1
-0.4492659971209894,0.23515479834576566,1
0.8156516250916821,0.5230394402251313,0
-0.9461974722153704,-0.061586030298921096,0
0.24411207013329772,-0.9688125915602648,0
-0.1670915974208703,0.5532600877681251,1
-0.2291456350587229,1.0121679895458648,0
-0.4414364836952262,-0.06810779172878807,1
0.4263758193339977,0.08142743511406805,1
-0.21911760619206685,-0.9565713605960913,0
0.5460707238788138,0.12573217904781708,1
0.7271071664938267,-0.6575930898973319,0
0.7720472794654792,0.7406714254894947,0
0.15880229277638658,-0.49596013393811633,1
-0.33912368115407976,-0.3353907369577847,1
0.01514098950912876,0.4903610222832359,1
0.7239317151511111,-0.7117406992176547,0
0.20628766156862227,-0.5148122379781767,1
0.5586077259552228,-0.851720775494202,0
-0.3533138226992501,0.3689215320415338,1
0.26606200215889714,-0.36477914398030425,1
-0.3665664613073827,0.058637800464726525,1
-0.6594661539387314,0.8104133469772951,0
0.9876948130026233,-0.19802862503598306,0
-1.112858624490635,0.13860584636568307,0
0.43999438327651136,-0.8628230871735009,0
0.9983878990313061,0.130671028327063,0
1.0260717227943112,0.04461312671663025,0
-0.9351586440801685,0.516900376958355,0
-0.428205484909596,-0.1763490561782196,1
-0.027377206974573947,0.4713662803232529,1
0.5175039389894824,-0.057777729973048995,1
-0.16029036434459967,0.9238289082126425,0
0.05769413768553726,-0.5050985619350292,1
0.9699151625549132,0.2443620536510813,0
0.49904256144728093,-0.11807749318265744,1
-0.38431428096323794,0.3368716182087203,1
0.5529531625419178,0.1334872750981938,1
0.6064696081232361,-0.7538144793845735,0
0.4176069590078081,0.33460643403663415,1
0.44676110594275525,0.1914378877250065,1
0.4682298337902645,-0.846753464844546,0
0.40704861941339515,0.37206133666187563,1
-0.585117157330322,0.7989051145487579,0
1.0223406609064594,0.197023011698165,0
-0.9474583072842611,0.35169511949582566,0
-0.06557316222701988,-0.8968162493787808,0
0.8869245891051291,0.39574752521633494,0
0.5457118096270361,0.7546991568842676,0
-0.9141370969986902,0.12029045017950847,0
0.9520217645988698,0.43095037437330824,0
0.4664858021990457,0.26637826100168316,1
-0.18993603494750816,0.9340205909866522,0
0.5175993376522456,0.7712501166394742,0
0.29603048370066276,0.5050074662154378,1
0.22748995054052173,0.34717432608099286,1
0.8144438338342809,0.5759360203124341,0
0.3118722125612193,-0.4297739617688911,1
0.9527852248063485,-0.19353335186136833,0
0.9628762642414165,0.3950734514697329,0
-0.1958274322774257,-0.4084629757644657,1
-0.35772344824199065,-0.9853803487224204,0
0.3122539354558861,0.3363641854577382,1
-0.48971689688713255,0.05928487694725318,1
-0.22877454137132391,-0.5207805578100597,1
0.4478525000636513,0.2626908811278425,1
-0.27727842518579865,-0.9089473005005563,0
-0.4943165471128242,0.015338377682891188,1
0.30259496408398345,-0.9454310152981332,0
-0.7105444472545621,-0.693522629065764,0
-0.35187652341084824,-0.4110068481503764,1
-0.025399353103031874,-0.4351614741394781,1
0.4353916329550212,-0.25740601398961144,1
-0.24860088750349166,0.4881976305347748,1
0.9260557634834813,0.4736273676952202,0
0.26823916643146156,0.4070505238949535,1
0.6632066034638369,0.7873314952407582,0
0.7919979416883746,-0.5772135514787785,0
0.8870795004688664,-0.4143008222731152,0
-0.0723578307078861,0.9573147903484693,0
-0.6643950800019427,0.6769163767864814,0
0.8371282673360478,-0.43753440857216663,0
-1.0555292181327534,0.04366706229530308,0
-0.3497490170201874,-1.0217899446071224,0
0.47282006738889065,0.1784173263850486,1
0.3829040924176704,0.05627911991313248,1
0.053290115205676516,1.0235124101942683,0
0.5051657165817103,-0.11147433702672632,1
0.640252173908705,0.8445368433481837,0
0.8784457512310971,0.33559261624153636,0
-0.28516266847670957,0.4309237876540432,1
-0.1480364802733433,0.9870675370930023,0
0.4485513968671343,0.2210031196416153,1
0.9434712661198787,0.4790420731823453,0
-0.06437627888796904,-1.096440699169856,0
-0.5085135611587698,-0.12337718780756395,1
-0.6038934656980487,-0.12523684125101628,1
0.4610562461505248,-0.1214834201701257,1
0.13848181955969374,0.5491842493419762,1
0.0403862039352237,1.1454572535065437,0
0.42588020661138876,1.0039576658809362,0
-0.6065694162183359,-0.032368013779672175,1
0.774655432836062,0.5237304173069466,0
-0.35194331725068534,-0.3481537106163414,1
0.6664266521710969,0.8210670656533432,0
-0.2536031507216626,-0.9330766151230746,0
0.0024183631887375505,-0.4323535547809052,1
-0.6476814011985836,-0.79403368740236,0
0.1887340166201723,0.9873802860476814,0
-0.5185593418698606,0.8494657965148694,0
-0.9034198354983817,0.5176265418991737,0
-0.7944404810977255,-0.5672176215234516,0
1.049891846513831,-0.042775523683726,0
-1.0131640557811956,0.36663034705421793,0
0.6539134310832975,0.7144264519374152,0
0.5604580525045127,-0.020380120222109332,1
1.0023125133092234,-0.11071929513597528,0
0.41079352165820326,0.3726273618256142,1
-0.0056531411225225585,0.48162600399127464,1
0.6802543809542545,0.8210341755933319,0
-0.8816763088489052,-0.4877583304550804,0
0.8333212780740178,0.5829234512709403,0
0.047289963859437775,-0.47482291141670613,1
-0.5673205745774286,0.022912773527807826,1
0.150032411540572,-0.46069486320791175,1
-0.7992217174961326,0.6968433398345684,0
-0.16814235884171802,-0.387676916339171,1
-0.2471564154160639,-0.3414520281645732,1
1.0041600534906754,-0.19527396028165633,0
-0.9999068205560241,-0.144847764115978,0
-0.40756852895832213,1.015396320398124,0
-0.26218232202949904,-0.46595894163681284,1
-0.5491329403557689,0.8340522059484916,0
-0.7825385660800794,0.45308503908822473,0
0.6543091643742623,0.8026701620911182,0
-0.33684949724671054,-0.20367970402066127,1
0.9068220989457502,-0.6501354300453616,0
-0.564953208398405,0.941701084611922,0
-0.4750374906297074,0.10739742156628655,1
-0.4322690233851337,0.1798064314873214,1
0.8633221909500415,0.5636990032190812,0
0.7417436668481292,0.6638595557682667,0
0.4150203947241155,0.3979285767244179,1
0.9943425400562647,0.21706843916672552,0
-0.4040921795346905,0.10327004044056647,1
-0.7823489696846028,-0.5902893957247197,0
-0.819876787475995,-0.5385351816373732,0
0.3512856206644317,0.11663393572037958,1
1.057974335425171,-0.2540127141156535,0
0.1612066763136639,0.4866792078350598,1
-0.21846664061259213,-0.39428138270512186,1
0.15080214186597157,0.46342079685638027,1
-0.376799801479046,0.37716239801490503,1
0.7286992617832386,0.5826636657289561,0
0.8422230021619954,0.728765724898303,0
0.3073139011156409,0.2669573002215417,1
0.7596454816672107,0.6788203646179071,0
-0.8645502283462572,-0.6369313205080632,0
0.05760962476845961,0.5596412058181957,1
0.730067341492155,-0.5763600694777792,0
-0.2095700196283301,0.5360285497310935,1
-0.25890371939347134,-0.43746040832147876,1
-0.8295707238343897,-0.5085194550033846,0
0.5429645040972402,0.07153052381377221,1
0.6836799892402871,-0.7540221146481575,0
-0.3363439242684376,0.022477358819084834,1
0.1536030248887054,0.45761004631303254,1
-0.4209037623486074,-0.4047711549018135,1
-0.947353366207476,-0.17342316116152057,0
-0.01992001072386244,-0.5641103853759613,1
-0.02124426630048271,0.3781351299624812,1
0.54500355100051,-0.11299228141763136,1
0.6424211530746424,0.7574593172584133,0
0.4541654473047141,-0.9208131409361713,0
0.505332888949426,-0.15673908813495624,1
0.9360827661463087,-0.5083242101205254,0
0.04955516824985436,0.39878369675162045,1
0.07008735726756646,0.4559278857795034,1
0.8434747175092414,0.5248387387404285,0
-0.6775541679393332,0.7389075909095901,0
0.4169990280972099,0.188664997884854,1
0.2671801685116239,-0.4289067204504918,1
-0.3786648769537864,0.8974976549145138,0
-0.2776262180569327,0.848270374146833,0
0.3627882697977769,0.9481735834675022,0
0.3027999509882639,-0.4808294883562915,1
-1.0105000486508608,0.014885683879051124,0
-0.34348344319153934,-0.4716714474112771,1
0.6296344725906856,0.8032888914429487,0
-0.48190431109366016,-0.28885701739910863,1
-0.42025723256508934,0.8426979071977359,0
0.4509008432422854,-0.17002482060474294,1
-0.3589372039108456,0.42802497355897967,1
0.8940926274635568,0.10287613840649838,0
-0.7353006568646359,-0.6100079426133608,0
0.28013568905993613,0.538616844685321,1
0.9259917657511729,-0.36151933746701065,0
-0.5807414822706115,0.8188414177427586,0
0.21197689069589742,-1.0124885119829916,0
-0.9331880984262674,-0.15651371320609012,0
-0.4619507888300523,0.15841069573495115,1
-0.3296037690589178,-0.31905043774898695,1
-0.027002987708136965,-0.959385171896366,0
-0.03151607459499836,-0.5145217290363601,1
0.33644429056305175,0.28611902836956643,1
-0.6451800746093448,-0.5841969820810856,0
0.972416803070975,-0.12769880339302875,0
0.26634749740297564,-0.3836841849429651,1
0.3569204737993868,0.9542192150441355,0
-0.4781392694216143,-0.8914330233383579,0
-0.43263850948902094,0.14793300135888576,1
1.0471416106136429,-0.07601164906258058,0
0.23657869456285618,-0.3274814649078545,1
0.9742307273367288,-0.14029937862367298,0
-0.16383476528093516,-0.9628119110993546,0
0.13362204761225702,1.0498025052589972,0
0.4384609506308229,-0.13728451622768428,1
0.8896904418280234,-0.41272822338338977,0
-0.029855119121889935,0.4662166656048833,1
-0.349822667541024,0.453365920641159,1
0.046655946688907726,0.5565565809525348,1
0.14615842370522858,0.47234856846375817,1
0.5867566672250069,-0.087162004768258,1
0.9313730348837159,0.054249523872939034,0
0.3287672455080547,0.4264572260774103,1
0.785870414315247,-0.6389393074579829,0
-0.4393327474168378,-0.29019952057448417,1
-1.026192009992301,0.14554496865658517,0
0.5162405757481685,0.21096422476209092,1
0.9478597159061205,-0.05247930228747631,0
-0.9492879849242403,0.3694053315715526,0
-0.38738899441516894,0.26653397065633355,1
-0.4352409868834007,-0.11597733419416344,1
-0.51835422817744,0.08608423822495925,1
-0.5950318359015704,0.8430423539616458,0
-0.5397968622059917,-0.1123863539348404,1
-0.9393565924714615,0.16263545542237556,0
-0.4246135793641884,0.0351500322767559,1
0.08569672464185644,0.45136050957304635,1
0.4509178257396364,0.8731693225780846,0
-0.3664747385869375,-1.0315470889799878,0
-0.5214566530311523,-0.088820580056271,1
-0.33803134140438296,0.51710643913226,1
-0.4732252560363999,0.03736375214337147,1
0.478985951730506,-0.2878157722837169,1
-0.8927982702357636,-0.6030374964990128,0
-0.3010943759070677,-0.8901108588078507,0
-0.46479902776487547,-0.2796147138699626,1
-0.2652773525230737,0.9627015996706559,0
-0.34738974756014146,0.3719882767112405,1
-0.31385550093185394,1.0234442445165288,0
-0.19050421702224196,-0.46841670450650996,1
0.36414096364264026,-0.31087509985596906,1
-0.20789617525048376,1.0061788938297678,0
0.8704029996414125,0.7355501916265875,0
0.3909010122137506,0.9821039218330182,0
0.43783524584743627,0.17886011277376102,1
0.1352078009478982,0.5437797320715994,1
-0.04053460826023627,0.4283277075198919,1
0.8195708931424578,-0.588140964382679,0
-0.4667970745585788,-0.12573772135129405,1
-0.029511321182104415,-0.9631610764826517,0
0.09429950433319448,0.5065171815999198,1
0.4314095837012979,0.8232046868374853,0
-0.523018133490566,-0.007215531847098999,1
0.45838038315655255,0.3048685551464107,1
-0.9798022021463834,-0.2019258683528924,0
-0.9948814429358138,-0.012951681487246756,0
-0.4703571430992233,-0.8121987147875988,0
-0.47945148364303264,-0.21230062840768363,1
-0.4335101009396013,-0.8527938022072056,0
0.6199484984385549,-0.10899602027177144,1
-1.0264370046315838,0.1744392502866775,0
-1.0105528019894132,-0.037054138928424046,0
0.9484132710101745,0.05566802529719694,0
-0.9903583678180908,0.06988339890375836,0
0.09063744152823255,0.3907859465378397,1
0.36370252891222155,0.2955075900601366,1
0.4458006766624007,-0.28675589138564084,1
-0.7110776689628736,-0.7227115613087858,0
-0.05188259684802089,-0.3878854123473273,1
0.8724161482358646,0.5074942821067379,0
0.6538890714635625,-0.8868255949602808,0
0.047421159923220754,-0.383635229760331,1
-0.4268181043202588,0.13718690632832345,1
0.22559992704059437,-0.38687051465981437,1
0.12981340404989197,1.0273492017772934,0
-0.7621058944921613,-0.6055321248640867,0
0.4740303506792813,0.873697452582152,0
-0.4408136796366915,-0.21585404233311775,1
-0.2641619944811426,-1.000589873528695,0
0.3497268699270553,0.42050396329487993,1
0.8855421579480599,-0.32448863466297634,0
0.7336226210483839,0.6578314558148799,0
0.4886413277006899,-0.20671244846075734,1
0.06288099120776867,0.9784822670512663,0
0.1503390588294693,0.33049528581409676,1
-0.32035119292208125,0.37058194364087155,1
0.49936538269087577,0.15524443289166315,1
-0.9363699348260689,-0.2724924411262697,0
-0.4850065981101181,0.913851739770061,0
0.8461011321034716,0.5313752597082804,0
0.4612279528758559,0.17297394383934928,1
0.43686327591790464,0.8989323006410541,0
-0.8008010777798968,0.5824643082923238,0
0.34471875654009165,-0.24835447909303676,1
-0.8752094085046387,0.4812536837429075,0
0.499521072202758,-0.1484476990789438,1
-0.5481269839711574,0.12478175089366049,1
-0.4948459178864885,-0.8521376135634816,0
0.24451695698181017,-0.44466180641856945,1
0.42100159202434606,0.26602341324816514,1
-0.91448528798063,0.16239933121446593,0
-0.5535298723223514,-0.8875211537956669,0
0.21471303073315373,-0.45048379982647135,1
-0.915847001635689,0.3207976117537106,0
-0.9019772231988679,-0.46817980248679436,0
0.17581305221691526,1.0490466372243397,0
0.9678124803389759,0.1688122359105847,0
-0.38535921206394697,-0.9636280777527201,0
-0.02937643704358209,0.9999659259545571,0
0.08775302611893951,-0.5572116766427201,1
0.17517661166890303,-0.4047704813363216,1
-0.09910926248643068,0.4488577634121369,1
0.20372265872565426,-0.44659508384006086,1
0.12992302169313286,0.9740921655589525,0
0.197558680201059,1.027770579796072,0
0.6280265294370313,-0.7136136719976942,0
0.19677718582993697,0.9868363875408721,0
-0.4182186535813242,-0.987614916440581,0
-0.37820460524448235,-0.28432643713637695,1
0.33252751068709785,-0.3621108137434009,1
0.05618647085233717,0.5377899434329241,1
-0.6210973058616946,-0.8511263606850602,0
-0.03324819800260872,0.3938189273026342,1
0.8274494702903801,0.5221944942178004,0
-0.2418825809521816,-0.4547432969169134,1
0.30910436497530863,-0.9986659748425253,0
0.5921325686441672,0.02934761455916874,1
0.6714627286727984,-0.6861094235358618,0
0.3434780856646988,0.36044009202630206,1
-0.41547364489346417,1.009586088501756,0
1.03492164927775,-0.14863651071267817,0
-0.13373097834382477,0.9791717059163157,0
0.26688835816511297,0.9791831529443147,0
0.4680775958305613,0.8897694851041246,0
-0.0015179522479796008,-0.49143392908250816,1
-0.3185058540943956,0.9384683556712218,0
-0.339130628700787,-0.365640139527937,1
0.013129714060940923,0.5584367040388979,1
0.0632983358323391,0.989964305673577,0
1.010677350767627,0.4304176338551611,0
0.7820638456299658,-0.42038957640154223,0
0.5832104032237595,0.8263258332027839,0
1.0116656661643886,0.2691484182227506,0
-0.0465559649099362,-0.9571669525993781,0
-0.22115768705756933,0.36160492990939486,1
0.24879348808459453,-0.45358721463507556,1
0.4736609079397175,-0.16890687473886243,1
-0.6469008107326597,-0.7797657265321849,0
-0.777501772898274,-0.733047392163108,0
0.21304079324951347,0.37766734243762756,1
-0.07156598823773389,0.45202061448020636,1
0.9869596646652642,0.22844504359767445,0
-0.24479954843289048,0.4628916004746469,1
-0.35467664652445047,-0.23578042330869647,1
0.936442853717413,0.5453339224519175,0
0.20800620376606627,0.4809795391677076,1
0.15953331722234615,-0.3774563909862727,1
-0.9406097266038532,0.11284071273790876,0
-0.4567250679177945,-0.9065774378019575,0
0.3696315534078171,0.3152175401463492,1
0.08718938661372921,-0.5087721770066915,1
-0.98249962056481,-0.11245053483864904,0
1.0271792224974536,-0.15632733951098954,0
0.9944891111013408,-0.2350822620684566,0
0.06130905161343511,-0.5473200814100442,1
-0.7122746149523073,-0.6241755566775181,0
-0.5866625422552365,0.825840211103214,0
0.7463319878800365,0.6109185591334674,0
0.1027582434187561,0.4581649635698983,1
-0.42205349513378454,0.9616045983970839,0
-0.7811424396323982,-0.5374648208646284,0
-1.0577193041629893,-0.2196353875748385,0
0.37361869473811327,-0.8403534097545167,0
0.08385567238943409,0.9719342351058337,0
0.9049775047541081,0.11739134961525151,0
-0.07211802764122033,-0.5500493332835628,1
-0.34082911889846557,-0.38021272272451223,1
-0.8747325397054995,0.33490189570062506,0
0.11206543434447094,-0.5251017865957138,1
0.304484062865876,0.5241477376916507,1
0.15920740843798892,-0.9585196855990734,0
0.8596461306060073,0.521534019340953,0
-0.11575623957446127,-0.47661637719939953,1
-0.7532789130832244,0.788675833386768,0
-0.31442002433508875,-0.33551094234276935,1
0.2255508238405709,0.40473045771077515,1
-0.4570511466928675,-0.0017852201996491172,1
0.36925015023300223,-0.35290294932554644,1
-0.6913635687561055,0.7611594327132037,0
0.9309355497534333,0.27551225356792103,0
0.7802156088577655,-0.721583870967949,0
0.11447579529755919,-0.5372328933914264,1
-0.4349817267094938,0.1432589423844543,1
-0.22813474664419148,0.5155632454220119,1
0.9671739089025281,-0.14394561879306025,0
-0.03910125801607582,1.0735063351686198,0
0.057434647090307156,0.5227738480512267,1
-0.7421083005444763,-0.6055276963903796,0
0.8725705768586605,-0.6231410525240872,0
0.44607968747223525,-0.011309411135092005,1
0.15523056857524842,-0.520225150198585,1
0.9904405774662819,-0.17941566652731544,0
-0.9014139111205308,-0.29047330339687527,0
0.38370090439440135,0.31443508636787065,1
0.38183482196228963,-0.9031353764006274,0
0.5935427651020466,0.8228051306246903,0
-0.917980602907075,-0.37684522396015646,0
0.4693678689546893,-0.19252602709359318,1
-0.21055456038787806,0.42191091961892463,1
0.3428619023451705,-0.9529968038776941,0
0.5203178611859849,-0.25159809880942496,1
0.8043050906856394,0.5759599678124581,0
0.38145228051737756,0.33013898305162953,1
-0.5295751470162353,-0.09580227467865719,1
0.3520533068665141,-0.24400341972677464,1
0.5093778429774899,0.025874660131032262,1
-0.47008798267486135,-0.7817875538839443,0
0.9775713284841916,0.11589054032437082,0
-0.9699149241124565,-0.15614233365882868,0
-0.7035783820920427,0.770155173077665,0
0.8533228366193983,-0.5580404692619001,0
-0.3536056833051395,-0.3473932747111242,1
0.3449637694998425,-0.3864273752125459,1
0.8184151825803613,-0.4780137062514299,0
0.36366603511713813,0.38965579132184447,1
0.22383248046597748,0.9789637971295472,0
0.18132817198877843,0.47812584130682884,1
-0.4890522506097017,-0.2455551984021857,1
-0.5719275956481491,0.8872628981406554,0
-0.9377304381499674,0.370640607829728,0
0.34067876925215484,-0.36461067677999776,1
-0.3010346735735314,0.3516864529722885,1
-0.4232413130723902,-0.8770144296574766,0
-0.3289647941025809,0.4095498659026744,1
0.5861596039119272,0.0035486751784758186,1
0.005869568947787229,-0.47937149530251105,1
0.5361133572025182,-0.01605019119927007,1
-0.5675363806454674,0.1502845945380281,1
-0.3767284947841442,-0.9782833802499158,0
1.0605760155116237,0.1867502032501509,0
-0.9835466276310215,0.14951275779451653,0
-0.23155297930913468,-0.4362997799553056,1
-0.9368469714357861,0.29746636321144376,0
-0.8977715567409639,-0.46673936815806466,0
-0.6358634432241494,-0.7388943011893957,0
-0.24783357754960167,0.9961110282399949,0
0.12049140490767021,0.5698426747331086,1
-0.4825031442634325,-0.29228493056966887,1
-0.3240666407347421,0.36106529862084563,1
0.44651371852471955,-0.16958749116317073,1
0.716489131005456,0.6267846590149245,0
-0.30549199972798474,0.4293590271717294,1
-0.491702402658889,0.1665783943566381,1
0.7865986361917234,-0.47027543906970126,0
-0.2928334260302068,0.3919489690619738,1
0.2714282473059936,0.9285303451902311,0
-0.11474008712970628,-0.6025977335216655,1
0.5149576598990322,0.025076312968754677,1
0.45371190354765345,0.1471830200808909,1
0.14622355434671735,-0.9103331541323757,0
0.8450928911663933,-0.4043751930362854,0
-0.30653831857596536,-0.4306672671756207,1
-0.598366807911743,-0.7963981893399282,0
-0.021661201942674645,-0.9500347420100493,0
0.48195963357092103,0.24871318837964643,1
-0.4638364483569757,-0.8521751704038183,0
0.5207574795137374,-0.863839376327012,0
-0.4825152217895891,0.07776252993461609,1
0.43172344340563973,-0.12894740049319126,1
0.5465999509622144,0.09101649529258686,1
0.638075339354063,0.8138166139006541,0
0.8796051175777465,-0.15201443000646117,0
-0.5145877845854069,0.14896475916096036,1
0.38661106573165305,0.17539988365107648,1
0.5522215538664001,0.7870548916130387,0
0.7751503990117729,-0.7220950262622856,0
0.6178558762710675,-0.7656317601379898,0
-0.9445732944327068,0.021923981031645823,0
-0.6533850567320817,0.7698360669140477,0
0.7314752092823114,-0.7400074431205118,0
0.004508086262166136,0.5135700325543953,1
0.3665217025118205,0.23522906014692233,1
0.27399399458151386,0.4116597089833214,1
0.9483541754642543,0.4094951494681645,0
-0.1486437983214452,-0.5317478719615225,1
-0.2652098758567485,0.5212365410792769,1
0.2403501412640191,0.4358983420970138,1
0.4936355854173921,0.05996362625262453,1
0.5781959300865419,0.01636259153355079,1
1.001418108200362,-0.021758770756456818,0
-0.3188993224303659,0.4111480513993719,1
-0.0830961924257805,-0.5510535579001995,1
-0.6097167892009192,0.7957263935729383,0
0.09253797208465171,-0.5178403884227525,1
0.39174754545503426,-0.2821480846269905,1
-0.7814274223113833,-0.60194668070677,0
-0.23906065197618948,0.454740644585546,1
-0.46617969747471855,0.28407828633886034,1
0.3980565223634761,0.4251510861323583,1
0.07754015827790683,-0.5194261423507577,1
-0.8018791261636031,0.5472766309621847,0
-0.37417714317270734,-0.1824495603086006,1
-0.9203409061410748,0.40952720496817563,0
0.3130616800601887,0.9439782011718315,0
0.11188150165979613,-0.9348281525579487,0
0.9675011228422972,0.37779159145897856,0
0.3110562657961268,-0.39157575030196684,1
0.9430149671181777,-0.21804655791635905,0
0.39917133471355715,0.28027457342198175,1
-0.4842268310690864,0.05994092895911046,1
-0.6924961463835713,-0.7709038294834379,0
-0.11509829434906318,0.5845014297867855,1
0.6998894294806124,-0.8737485714081556,0
-0.9178110737819019,-0.2348473693493762,0
-0.3048985429915177,-0.9025440864864326,0
-0.9799467949387038,0.3414003046869901,0
1.064345577148894,0.21379797934795633,0
0.962295426083026,-0.5246284056826183,0
0.9544930033630833,0.26989585733654375,0
0.1136051179795678,0.45842872676634544,1
0.41040089738431146,0.25843362254025815,1
0.04695628580124901,-0.4746969877159282,1
-1.0075903423534867,-0.4268548735097839,0
0.10066988381405648,0.4392332145756427,1
-0.17891763718751813,-0.9453757182423944,0
0.5130569791895649,0.15832613253231725,1
-0.4388643010950365,0.23752962244295103,1
-0.42911241404901557,0.8834312111255251,0
-0.4419051409186898,-0.07181748381326666,1
0.41724490879631637,0.1787913380989364,1
-0.6358132503891978,-0.7858843203950483,0
0.2954794035322408,0.9261514823955155,0
-0.07944340859935238,0.4286118761659059,1
0.2751269973618294,0.3680033372690491,1
0.5039463909536103,-0.8812073306338319,0
0.8770200583541616,-0.4986036886207164,0
0.13089570515241544,-1.0032819997826703,0
0.4666845541545153,-0.24445727448153545,1
1.1045744276419731,0.13557500384523066,0
0.4644021657226246,0.9371657441748201,0
0.06319722686243476,0.5621497654107812,1
-0.1384460837614325,0.363302890175971,1
0.5020489772123679,-0.11283692940651988,1
-0.014287074760158558,0.9931685307686765,0
-0.576172108020634,-0.01479986010892241,1
-0.20175124896465452,0.5038810249822699,1
0.39923351192615375,-0.12715853492707557,1
-0.25809663765147395,-0.42790247683848626,1
0.3452538970042056,-0.9071485460826058,0
0.05464686347973453,0.9454309821754872,0
-0.8095914942513085,0.5702783733956848,0
-0.532904330602576,-1.0081777499358888,0
0.0404148241201111,-0.5156937029692471,1
-0.29905569626084433,-0.3969736137732001,1
-0.26376615772352474,-0.4196399073071089,1
-0.4296244193629828,-0.9193248002429945,0
-0.4398223981591949,0.27227840699516453,1
-0.6850682184499199,-0.6889782703908363,0
0.22573223504274112,0.9002413678345089,0
-0.473074758128914,-0.27981635157845247,1
0.987754183888556,0.15003331590661112,0
-0.4560365113239655,0.2636487637169308,1
-0.15084499560776737,-1.090275238940222,0
0.7113423115398888,-0.797003369366805,0
-0.3178711723035628,-0.3215025386177972,1
-0.36478455446505054,0.45884094052185237,1
0.06517175725684747,-0.43914532073433293,1
-0.08009462962005952,0.4422730233353253,1
0.40064490404837766,-0.37654504826312873,1
-0.7115029206580107,0.6880968853382999,0
0.5179739332686859,0.22834170366749462,1
-0.3130452842905657,0.8534761566181461,0
0.944610125990485,0.2513099236370229,0
-0.8541066820959101,-0.5715291221160195,0
0.37757743929580073,-0.16647207021496685,1
-0.3935606103297403,0.8921294318081715,0
0.9859729627189655,0.3651424578294612,0
0.9624298069266658,-0.0106154977953799,0
-0.3955590619621379,0.30236368490432936,1
-0.703594346623906,-0.6707612438330781,0
-0.17620584857146826,-0.5555247712344912,1
0.5708074219826598,-0.06174239009638984,1
0.8087415236303651,-0.49684160119696336,0
0.3113378060768591,-0.3891412307533584,1
0.6210056485539822,-0.8100783294504645,0
0.46758645175882163,-0.31248503716174947,1
-0.38151580157067744,-0.3077711984571446,1
-0.47621090369547203,-0.1189860813959813,1
-0.2398425399204398,-0.40817392320387363,1
0.38719721033046134,-0.3170943255274787,1
0.5284793649829795,0.21584754962735858,1
0.2668932339810849,0.8855909418642791,0
-0.023848601479410356,0.4679326225776591,1
-0.4764309313408741,-0.24770766455057727,1
0.3652289815216759,0.2800883715027919,1
-0.18110294101163205,-0.4156211994842515,1
0.3183772760046105,0.5112163061733959,1
-0.011319437115863376,0.4427466161991007,1
0.17929492189393953,0.8964232952567209,0
0.2102341403524451,-0.41661243576996976,1
-0.4593411846818148,-0.9258318455468431,0
-0.48915819546476397,-0.12730440392654807,1
-0.006355023913809828,-0.5239106710304073,1
0.6401238879184616,0.7635731478905821,0
0.2706363227086994,-0.9352661888561811,0
0.026278439880326604,-0.5088569551912042,1
-0.5107978292235631,-0.10082042038641563,1
0.9166614108271326,0.3365766981788828,0
0.3450744105962448,1.0382894660567439,0
-0.9861058776385346,-0.24689519389767495,0
0.4711821630925194,-0.1369811115122834,1
-0.1788518510357455,1.033383202512955,0
0.4083429613879607,-0.20224238106654638,1
-0.516275195399765,-0.08623497466437278,1
0.9261080011925708,0.06756689289899273,0
-0.2475583868277216,0.3681580354144023,1
0.1148258201109977,-0.4495243416642364,1
-0.47594376012417605,0.22845003472682435,1
-0.8574417959167331,-0.5423459191275981,0
-0.44452175510528896,0.7742161064846677,0
0.16324460102256477,0.5404475761782723,1
0.0010896678461443689,-0.5241066979702494,1
0.15433991157938592,0.5007490172067506,1
0.4274014671502721,-0.36072340565578276,1
0.5449146544890229,-0.9543012111505274,0
-0.9796074688370017,0.2354591519962488,0
-0.029174291931259297,-0.5007811814500942,1
-0.597623437434208,0.7433180815564764,0
0.27699711042201725,0.9101917432511215,0
-0.7258557064352024,-0.725780590130998,0
0.48289029557024465,-0.8720414302950416,0
0.48996401099038855,-0.060757395279339974,1
0.3528126737785109,-0.3443132774535925,1
-0.1249842939504168,-0.9954471255297562,0
0.06145862196694079,0.5197739989114754,1
-0.6188392236920972,-0.7657172618222132,0
0.18606137408179105,-0.40555377341131765,1
-0.3916863291687321,-0.26008674642895546,1
0.29775637500051644,0.9808466568485777,0
-1.0577714937930247,-0.15326191281471213,0
-0.08608925508295207,0.5239823646037765,1
0.34401213711364376,-0.4268558162055862,1
0.7759854954219403,-0.553093854322557,0
-0.766085880175563,-0.6883555323017779,0
-0.11988893728000019,1.0674961893766224,0
-0.4459434997944076,-0.17830173685952538,1
-0.4409106771628568,-0.46621812283735,1
0.40427440665562164,-0.8909767659962594,0
0.31805999867345897,0.9562733225683601,0
0.5079263101887981,-0.014174744135325625,1
-0.12969609802236023,0.4069176911669041,1
-0.022126061227964892,0.9604085472534671,0
0.30951650446768153,0.39851788893832535,1
-0.7112319097428111,0.7232383817650249,0
-0.7705605832524829,0.6587323137930946,0
0.14480796784581673,-0.4560467499396973,1
-0.9712410154136698,-0.23429860201916544,0
0.5418083265680788,0.7858683602849311,0
-0.402910949774338,-0.354754650601278,1
-0.13734793230710127,1.0649827636049891,0
0.45182031413374835,0.39023112502411367,1
-0.49381679616937474,0.9276721402749637,0
0.40261330567020776,-0.3016856636721524,1
0.3548305056006308,-0.2604113246202842,1
-0.4180149950246487,-0.07896866539853689,1
-1.0056739485361452,-0.07334876761520424,0
0.06627984118071625,-0.5244977580697936,1
0.3688440770908521,0.3365108423652418,1
-0.24124932189002646,0.8508958613436426,0
0.5837198874895849,-0.6875530913194138,0
1.0517744829980764,0.08515090491149681,0
0.5578035048546228,0.8117364368267542,0
0.9707022220115524,-0.3903306898705145,0
0.4441923138889866,-0.19166807485063164,1
-0.10845094071743716,0.48759375328772897,1
-0.06885918679850082,-0.5544000389170748,1
-0.035863552832842864,-0.5377787454325225,1
0.2031859849677478,-0.38857101584802833,1
-0.859891390544289,-0.49918145797130475,0
-0.46071283399213847,-0.10708625732210159,1
-0.25875042844680274,-0.49520992818811604,1
0.71910498992003,-0.6302063325301974,0
0.20927956024698105,-0.44091613704791993,1
-0.2763146888915782,-0.38559960384894654,1
0.04992725740396824,-0.41785787724994994,1
-0.881208705683604,0.39665410175670174,0
0.6480344184256749,-0.8073902221094124,0
0.9710556247639374,-0.3498347417927326,0
-0.11821192985339708,-0.5022341340331431,1
-0.1702767464281542,0.43057979402790675,1
0.556250680622582,-0.8661843112836375,0
0.5341632275399197,-0.8451426627622759,0
-0.061156772041793456,-0.5148264375515113,1
-0.24693827615607894,-0.48047017804966424,1
0.4290815528434117,-0.09155760022247122,1
-0.2534897927226444,-0.46872365366367685,1
0.2112442279661299,-0.3727640677241945,1
0.4120919522685834,0.1832976432942661,1
0.5520147362828597,-0.7296046027575839,0
-0.23335283937865683,0.42996201667458134,1
-0.1311513713052743,-0.9565796252299583,0
0.7961605900601236,-0.6049429406703501,0
0.10200333354176729,-1.0127993742762533,0
-0.5207673872297608,0.13050384182977098,1
-0.08929824793876961,-0.530995430284702,1
-0.4765691999042658,-0.22636462352517955,1
-0.33640943422421365,-0.9284644201845672,0
-0.3796979731000561,0.30005561209415005,1
-0.15689463619323393,-0.8993324746827025,0
-0.49821138416687655,-0.19919173376940352,1
0.9792100538722934,0.022501884164799004,0
0.23730304029716143,-0.45359444495325596,1
-0.5781449492455903,-0.887873449102878,0
0.7491354444277811,0.7774708547498828,0
-0.3098227521828966,0.39234467316682264,1
-0.03749302929001917,-0.9662687569109543,0
-0.18022917778178724,-0.5053674682074679,1
0.9781809597224369,-0.07493725226377558,0
0.2725555417336267,0.33759042873318174,1
0.22484056319009543,0.45036308062213415,1
-0.37220233391742563,0.3040926043472545,1
-0.1306019401316715,0.9979486189099652,0
-0.9292363440207947,-0.11790796919339466,0
0.4562796876067917,0.1431753833249693,1
0.31121103168533065,0.4080351578116846,1
-0.9916494102028266,-0.19186366782819306,0
0.47543456913788984,0.05909317972304269,1
0.3499291615017232,-0.4832942388337622,1
-0.3226323991897939,-0.3437345473280268,1
-0.3625375132922372,0.34051634398405134,1
0.6696028059290053,-0.8572982130007071,0
0.44397915717633274,-0.9129603511548403,0
-0.07045055075126333,0.5134451731269507,1
0.9467484714096738,-0.15535250181026458,0
0.8190580921322339,-0.5118429410357974,0
0.7433738369779768,0.8007747330214146,0
0.43634630898615084,0.24171464703751694,1
-0.9844402162317988,-0.13160563724474883,0
-0.4464138015015836,-0.8700781112707864,0
-0.43407451711029826,0.23891315409776998,1
-0.39692684298189673,0.2611972624848067,1
0.015858268772624733,0.49114017165321416,1
0.42833169826490336,0.15619715625321884,1
-0.14461371540010198,0.9415243914190374,0
0.4326267996289798,0.8947222105149168,0
-0.3944746588058596,0.26208328165640943,1
0.9247492423259325,0.3634726219930078,0
-0.27736894652040733,0.42262046837714345,1
-0.3468736667042409,0.9457281206585053,0
-0.9881622448977752,-0.05793218243378595,0
-0.6722388154168771,0.7325912690586367,0
-0.8961013962884425,-0.3737881347657581,0
-0.9640727034439852,-0.08472176198058329,0
0.18347068053684973,-0.8848907824108814,0
-0.5631406686977062,-0.11728496841888486,1
-0.40088503718474866,0.15481863170225332,1
0.6427207673588745,-0.7263424087469591,0
-0.3946693417965951,-0.12618876237175872,1
0.18139191077603195,-0.46997196289279836,1
-0.4261977469361265,-0.8923940945561335,0
0.8339698534817981,0.500426074162582,0
1.0386109198327855,0.098171895721185,0
-0.40990136035028657,-0.2742220147832779,1
-0.38818405158422187,0.26163425723225175,1
-0.561304568029172,-0.8240512247986225,0
-1.0637766464441014,-0.02810401310372256,0
-0.002894711312426067,0.9370195965092596,0
0.46348389062267503,0.04788442591946664,1
-0.26686360627111655,0.8510260376621533,0
0.5246134549279583,0.16127880758371085,1
-0.5721579248791353,0.30628272647411753,1
0.30110901335975554,0.42170937314791207,1
-0.9918786437004019,0.3331576084863046,0
0.9765821174658246,-0.22969095236817003,0
-0.8256744709885921,0.676036381326892,0
-0.3292985130686232,0.4297567614154713,1
-0.19435546021032502,-0.3431210588599024,1
-0.7489172898775773,-0.47693616644962755,0
0.5410993896720345,-0.04482524299397036,1
0.4691511697597131,0.30404239559622587,1
-0.6122804530769611,0.8073458360061225,0
-0.19356166108954695,0.3934177390773203,1
-0.1660993051099791,0.9539004605892866,0
0.2265638364658273,0.9642991851385022,0
0.9357858062330577,-0.13625734844929455,0
-0.9622192583101211,-0.20765235959425904,0
0.907332382107173,-0.410285071955482,0
-0.5417858489461811,0.029934989476331362,1
-0.014232224199302968,-0.9893111601402048,0
0.4560710925256924,-0.3496188209515937,1
-0.2738931842566671,0.41100854873917086,1
-0.3189919250163763,0.39308983483393495,1
0.3625935855361239,-0.33746928262789744,1
-0.5196878646758888,0.0895843855443426,1
-0.1753443283515862,1.0395550876168183,0
0.8747323909051445,0.3050543916215252,0
0.5059031354380168,0.11625664361768136,1
-0.38965439329538437,-0.9118725597269447,0
0.5018454925955054,-0.1897829398182026,1
0.281533713324426,-0.3554781374533371,1
0.656250178538518,0.6986171742019601,0
0.17140400333687383,-0.4614662054148747,1
0.1355258978234135,0.4091354877317607,1
0.03186620563134168,-1.0024008823050534,0
0.25855926716610983,-0.4053049722045832,1
0.5494486865129232,0.11472374185353429,1
-0.3699134717270264,0.8524396166298638,0
1.039523315397411,0.13166289845057777,0
-0.864652047418124,0.5039902858098714,0
0.2609800504581742,-1.010893856791405,0
-0.9094596076774502,-0.10879782376107824,0
-0.07389361219525857,-0.5509059759306953,1
0.10505672960874063,0.9794066203052185,0
0.34740491763526943,0.34236027080146686,1
0.9903537340896136,0.291241800779137,0
0.6269275835483057,-0.686149190477602,0
-0.40321507276501656,-0.08260222164089637,1
0.3774748341560562,0.2457720638387137,1
-0.16211078132679557,-0.4131725645034343,1
0.08319559525874454,-1.0474891247434768,0
0.46001186565947705,-0.21162655289043433,1
0.8280001064956446,-0.477623655154079,0
-0.11528382106572849,0.4521294132380836,1
0.0272837533027613,1.0224579837059935,0
-0.13700793729071487,0.4428838902376236,1
0.9747571345957304,-0.4136510711272949,0
-0.30676978462733445,-0.896768743992517,0
-0.5845742300116034,0.05735375098399599,1
-0.6441353110287515,-0.6724884097416333,0
0.27628192365473236,0.4929620448411173,1
1.0828341361330054,-0.014602757271280539,0
-0.4874668366636994,0.9022531670630782,0
1.0790640793952313,0.20912985731255512,0
0.11130289446749957,-0.45588989781193257,1
-0.7355744969389869,-0.6008354522056943,0
-0.5186570705874369,-0.22140508986959176,1
-0.6523107827420372,0.7338707590055656,0
-0.03383319207032773,0.5906945475099462,1
-0.35757345715548394,-0.3076874989289597,1
-0.9161796212269266,-0.07559961803522226,0
0.4034327200017659,0.25310653204685996,1
0.3218784017565137,-0.3667299527160145,1
-0.9476299600630018,0.14763446810868777,0
0.42792088238614057,0.06024643685053022,1
0.04524776511014718,-0.50073329728129,1
0.5189395421582865,0.8981276197994111,0
0.2224013046840929,0.4921156417061547,1
-0.5713726796155999,0.01947136387309586,1
0.2449239925420415,-0.36995720265086024,1
0.7300097752295525,0.7201237630105699,0
0.5303603459286684,-0.104469761159962,1
-0.9687234679290633,0.35236971603307266,0
-0.19841707855786922,-0.3247825753452763,1
-0.771621674583775,-0.6506187389493552,0
0.4421630781012684,0.8264200530810135,0
-0.43560936842663467,0.36730965352397227,1
-0.5488274565537361,0.14581245535355122,1
-0.4995259089711311,-0.02971026835107507,1
0.006396390622084164,-0.406022045228732,1
0.2950799165085389,0.38096914398209847,1
0.39545041200735653,-0.16859625070015516,1
-0.40231729135194083,-0.01062550818378137,1
