Age,Height,Weight,Training_Hours,Experience,Score,Category
24,173,67,13.386693608385766,12,94.0552574178283,Advanced
37,164,61,19.0219517472854,14,62.83308449479572,Beginner
32,168,58,13.21463086982024,4,79.64923738777469,Intermediate
28,149,59,15.092745759548698,11,96.79970895008888,Advanced
25,177,71,5.14706089108854,7,83.90612507683232,Intermediate
38,180,76,18.834402282693777,9,70.72149062335183,Intermediate
24,152,38,18.226853578894488,13,84.47671044527075,Intermediate
36,165,91,5.768017546526892,4,67.19898181581851,Intermediate
28,157,90,12.365002147902661,1,63.862920817459305,Beginner
28,168,35,24.580636815833348,2,99.83416389673398,Advanced
38,176,86,13.414731251372336,14,87.53951155898939,Advanced
21,179,85,15.038908102636835,5,82.23599886909088,Intermediate
25,181,70,23.19860316319437,10,67.76448216096594,Intermediate
20,183,50,19.345237517315127,10,52.45804145775241,Beginner
39,167,85,16.64140262248447,4,51.55284380175778,Beginner
38,158,66,20.95609362682145,10,77.70906277243995,Intermediate
19,168,78,22.287325329119465,3,88.10163605195255,Advanced
29,176,103,14.137761434745338,3,76.86895952219275,Intermediate
23,157,73,14.502167298636708,4,92.03925359695573,Advanced
19,186,56,12.721018713036717,1,51.67132665466108,Beginner
38,178,64,24.33412280036921,8,68.33760382129701,Intermediate
18,167,58,18.943325085807007,1,61.8535195587089,Beginner
29,162,76,6.664461324161445,9,72.3636484078561,Intermediate
39,163,57,22.25919246626037,1,53.618819659706126,Beginner
29,170,62,14.611198816725361,9,97.70658207855362,Advanced
34,167,50,6.375078128449749,13,61.162770053468044,Beginner
27,179,68,15.994345103266221,8,96.11538877417924,Advanced
33,166,72,13.343285579514042,13,71.2946577518341,Intermediate
32,175,29,22.554988097252497,2,99.2762066627609,Advanced
32,169,73,9.079892072187747,14,77.70291917301054,Intermediate
36,172,69,21.52929218984366,9,96.54164320879038,Advanced
29,167,58,16.153773823709052,6,50.26744943471114,Beginner
37,177,100,6.092206064269381,3,87.41194030904501,Advanced
20,177,84,24.436906026509693,12,95.15253265512577,Advanced
22,174,53,15.252304882064,12,56.986028348947706,Beginner
36,176,82,10.817537084631649,5,54.806292586607576,Beginner
24,160,88,14.388136839785162,13,71.22863035929778,Intermediate
38,173,71,22.15715567034978,3,96.68394530664676,Advanced
26,182,75,11.09806248770127,9,77.11932800952194,Intermediate
24,174,75,8.853527929734007,14,76.3728231860866,Intermediate
35,159,38,7.581424938617629,6,57.056305914966096,Beginner
21,169,67,10.957187967804225,0,50.03947555466094,Beginner
31,173,66,20.60096174080087,2,90.50700453727306,Advanced
35,162,91,14.432527303905234,12,54.37872814931191,Beginner
26,156,75,9.5496320738708,2,81.6924909367662,Intermediate
38,166,65,8.323699992194983,0,95.73082272575957,Advanced
19,162,68,11.654589530207582,5,60.43259565792155,Beginner
37,169,85,23.798487457714177,14,83.26364181184553,Intermediate
32,154,67,11.860534251800487,12,53.93492883537547,Beginner
24,175,59,24.762481519092706,10,80.18775719188065,Intermediate
29,163,65,14.704609115307123,13,58.19658604766013,Beginner
25,179,84,8.583278365803018,8,86.7976780257589,Advanced
32,167,77,22.822801835870187,7,65.06156473969541,Intermediate
20,169,70,14.207107462696538,10,73.16955044023231,Intermediate
31,168,72,19.19342687009049,6,79.97152710138108,Intermediate
34,163,61,24.674231664183036,9,58.56367053331198,Beginner
21,194,67,6.00350700639948,7,87.08189093088104,Advanced
35,165,60,6.933891195751343,5,65.13201703184073,Intermediate
25,180,65,19.409134829255123,8,83.11859299563767,Intermediate
21,159,90,10.63650006590944,2,57.91415253496868,Beginner
19,173,53,8.686027939001981,14,84.40588296031751,Intermediate
23,174,59,5.78723759639459,9,56.40940364052309,Beginner
39,169,51,5.436934239724036,9,71.26782481349917,Intermediate
27,164,47,20.489712062395817,8,62.36030368694384,Beginner
21,167,67,7.688668547391,3,87.41876247140914,Advanced
39,165,60,14.354412319423018,6,63.10175022534373,Beginner
35,194,96,17.11793630358966,14,94.08586531976981,Advanced
29,169,65,13.567036011376924,12,94.59101057033064,Advanced
19,175,89,5.542133046724662,8,59.82206576113929,Beginner
27,187,84,20.670030051758175,1,80.69229725038622,Intermediate
21,161,66,5.21026449083307,1,54.38588208599822,Beginner
31,170,101,20.237797887549682,8,69.57685498008146,Intermediate
33,167,74,22.866089875762455,11,85.66608647506362,Advanced
32,169,92,13.656798421143446,12,82.97116234249582,Intermediate
25,168,90,15.710849461955965,2,81.2350334703304,Intermediate
31,162,76,14.539667852353075,8,64.12704318312218,Beginner
25,171,81,12.784172372468776,12,68.9012474717201,Intermediate
38,159,79,22.748490707407207,14,55.14730723501431,Beginner
33,179,52,22.87867021339981,4,85.95114102168006,Advanced
30,176,70,11.716327292830691,5,75.19443983956367,Intermediate
35,165,86,17.301395080293958,1,85.43828161728273,Advanced
32,165,92,23.538151242917284,7,62.44717623984364,Beginner
38,172,59,24.24116997882703,10,66.22191143175331,Intermediate
30,162,77,15.17918080844095,8,66.71076686300573,Intermediate
26,188,72,14.056496105686536,1,51.28712048736081,Beginner
32,173,68,10.573886318570516,5,67.05239364153118,Intermediate
30,173,75,24.1774374638082,5,90.16522867590167,Advanced
18,176,73,7.856286089457347,7,94.86492478748693,Advanced
24,164,78,16.5965915209545,9,75.91091578179638,Intermediate
26,180,91,10.651005350372778,11,72.77508476096101,Intermediate
18,171,81,10.580165806955932,4,51.54123093496851,Beginner
29,179,74,13.099371747523769,8,93.96021687926913,Advanced
25,168,97,24.97585871631309,0,50.65051067129364,Beginner
28,183,86,6.099326136796441,8,97.23750401051059,Advanced
36,174,68,16.57083636407063,9,74.46081243440453,Intermediate
34,191,51,6.6514431607055435,6,67.09672467873634,Intermediate
25,166,55,8.090416599810379,3,96.210921742133,Advanced
20,172,83,13.791258835457974,2,51.219549655504835,Beginner
20,159,60,15.209202626928827,13,79.07124474345436,Intermediate
18,164,54,10.17584816729048,9,77.44662622496688,Intermediate
22,176,58,11.329142617488323,14,60.96602006056911,Beginner
27,181,59,6.739340405118661,10,71.44437156751053,Intermediate
24,199,82,11.06439567688501,13,82.61320029718851,Intermediate
26,169,67,24.33116878761088,5,86.35655984409638,Advanced
24,160,49,23.894147633449634,11,50.035842935328986,Beginner
26,177,70,11.6975658027397,12,96.84267150455076,Advanced
25,158,73,16.41707872557523,0,58.22626861964062,Beginner
29,175,62,23.191907822218887,2,61.67902171111796,Beginner
19,164,87,5.123676452817934,1,63.173672284692415,Beginner
18,172,63,21.213671406751835,10,51.891006827601764,Beginner
33,180,86,23.96739105577838,12,56.15260617951625,Beginner
22,168,78,6.826514686671141,8,99.3174961472081,Advanced
20,179,83,8.22895372065842,2,65.7608368688643,Intermediate
29,178,53,24.214926055427107,12,55.76505451695247,Beginner
25,151,71,15.750802872806926,1,55.349563058731164,Beginner
39,160,69,5.283932689434474,3,85.97299838349859,Advanced
20,154,48,10.152639975270583,14,92.72843320163204,Advanced
18,190,86,13.998873485377192,13,62.8476149754235,Beginner
20,168,57,18.858178220495354,1,51.04547561676175,Beginner
22,187,60,19.66320756273599,0,61.154500922267786,Beginner
32,153,54,24.90843025850912,5,52.82578453983787,Beginner
31,164,80,10.75022398767518,14,55.169746831502074,Beginner
20,178,47,15.764402037369505,9,71.57540599238212,Intermediate
18,171,79,15.6664709571921,7,61.49591854308163,Beginner
22,175,85,13.112905188944751,9,75.79729392627117,Intermediate
31,157,78,8.383237876848405,9,62.67468766285952,Beginner
24,183,80,24.549131263676852,1,97.02686505514738,Advanced
26,177,81,22.06634373333172,13,95.29719839631323,Advanced
32,174,55,14.966660565884744,8,78.3403052505233,Intermediate
32,163,91,17.064908453680594,14,67.7211995993693,Intermediate
27,173,63,9.545221071193247,12,69.05734410173677,Intermediate
30,167,69,15.875741407834937,2,70.59261415722484,Intermediate
36,153,65,18.899402662429516,7,86.3789661067472,Advanced
24,169,77,15.303340567731777,11,72.5819497759419,Intermediate
34,168,61,24.805703411698826,7,92.83649732529487,Advanced
37,180,71,17.226833124954524,14,97.20473929651823,Advanced
21,147,51,12.419474251843381,2,66.7973076689467,Intermediate
22,172,87,20.443040552316763,2,78.034724068784,Intermediate
24,158,80,8.409250231632841,11,54.75282684162822,Beginner
30,173,65,12.69031627412533,14,60.02345238831795,Beginner
32,173,62,11.939179007551717,5,70.673288335508,Intermediate
28,169,79,13.636141902155545,0,60.31013579508894,Beginner
21,178,59,20.635596518574527,3,93.82802453943589,Advanced
30,157,71,14.683460643268148,0,57.9143128029549,Beginner
24,181,87,20.880289005319256,13,72.7830410776546,Intermediate
36,162,57,16.52977806279732,2,80.28496202299378,Intermediate
39,154,75,11.841388693151107,8,84.59319540804222,Intermediate
19,167,74,21.199574873669448,13,69.15346848632534,Intermediate
27,149,68,9.765793411061832,13,93.45495343623642,Advanced
30,172,62,9.48765959599591,4,78.41595755389628,Intermediate
38,167,88,15.090058481096715,11,71.97538902237758,Intermediate
23,182,61,10.216984919241778,4,53.36203170260183,Beginner
29,176,42,5.181740699024326,10,73.23447342225825,Intermediate
29,156,79,17.96595054597603,3,91.03679204078651,Advanced
37,161,51,15.22187642944796,2,80.72705091106577,Intermediate
28,175,80,13.910356289863223,4,91.60812268645591,Advanced
24,178,90,24.339370292366308,14,74.70058352996529,Intermediate
18,182,79,16.423983679258274,13,55.92308525472409,Beginner
18,182,86,22.26863155578769,10,50.68199229179405,Beginner
37,169,100,7.789004724103203,3,65.16097733592956,Intermediate
30,173,84,16.38412926258855,7,84.89952357488963,Intermediate
26,182,74,22.35959253461806,3,89.51299519708469,Advanced
20,166,94,16.66211514559796,10,64.78764173101646,Beginner
24,173,96,19.36028356254003,11,74.78269604416235,Intermediate
23,166,96,12.440871356244148,7,71.05594522170408,Intermediate
25,164,62,6.848990340741333,5,70.5261392175714,Intermediate
26,170,49,14.15800590254143,14,61.567435660007526,Beginner
22,163,61,12.889587816777151,13,56.818555251472915,Beginner
18,168,80,22.341203647578947,11,59.83442791156065,Beginner
36,159,72,9.879906047049445,10,52.766619358167304,Beginner
27,168,66,24.33468455070216,4,59.90653709117885,Beginner
29,174,78,24.162762396089924,3,50.46004488126897,Beginner
32,164,47,9.952632861428775,3,81.36292003179892,Intermediate
39,170,72,11.961039109546409,11,65.81877036938414,Intermediate
26,171,86,22.9111148174777,3,98.65723557134544,Advanced
37,174,78,24.33244441792215,10,59.68585253881489,Beginner
34,168,80,13.868782056720882,12,67.2914285154797,Intermediate
34,180,93,11.419940912817957,12,67.89205793207665,Intermediate
37,148,69,15.521880265030841,8,50.42257480312303,Beginner
29,199,60,18.755384127314695,3,91.96039765197295,Advanced
24,161,87,10.469490307499596,11,51.599723007216234,Beginner
19,174,87,19.729463492381456,8,97.00899173646206,Advanced
20,160,78,6.033147142292821,12,94.60371755468103,Advanced
34,176,67,5.985889855288329,9,76.77609580429818,Intermediate
22,172,70,12.725754102910905,5,77.1797787455646,Intermediate
34,163,50,12.06946384121441,9,82.68889614780781,Intermediate
34,180,86,11.312664307343045,12,69.35250059674435,Intermediate
34,168,86,14.8203952533782,6,82.36111416989277,Intermediate
19,175,50,11.414671646231424,11,52.238419434424344,Beginner
19,160,83,8.845158369361839,9,52.702381367486325,Beginner
39,169,76,11.189390981772018,2,72.86152098097722,Intermediate
22,190,54,24.4980854562047,7,77.48111505530174,Intermediate
18,179,51,13.222268339896972,2,94.39088201679095,Advanced
18,173,75,13.894255537166716,0,55.233031695394814,Beginner
36,165,64,16.530899799022798,12,91.13239635969447,Advanced
19,170,97,24.66681536828453,12,60.50236686460348,Beginner
38,171,84,9.83202552871526,9,69.70418242550159,Intermediate
29,174,77,18.625642210648678,11,65.83012174137065,Intermediate
23,159,77,19.319693870834485,4,70.00776364326995,Intermediate
21,176,89,17.14648833586132,1,57.52477490362928,Beginner
28,159,82,6.771566792732882,9,75.17850372017774,Intermediate
34,186,77,18.53744551655153,13,90.08212949156837,Advanced
23,162,55,6.28189422072351,5,72.07670051894485,Intermediate
22,172,115,16.92285299099794,12,74.53067879490996,Intermediate
37,180,53,19.791623544434852,9,92.4383792640657,Advanced
19,167,65,9.21939781239901,8,85.30290573190155,Advanced
23,173,45,21.832440150855483,0,74.52272042598923,Intermediate
39,184,78,5.607076110660085,13,62.884782409458985,Beginner
28,175,72,21.87625727316612,12,94.24633734224832,Advanced
33,173,81,14.206581012855303,3,78.85102008452792,Intermediate
33,153,43,9.35175879863289,14,61.05738050553467,Beginner
18,160,86,7.67556289987936,0,63.45598763190052,Beginner
26,180,57,24.06614335164745,0,90.1566544468123,Advanced
23,175,67,6.453311751623135,7,52.207278104372776,Beginner
33,177,83,8.981868398718513,13,99.60460935144101,Advanced
20,176,73,11.956446948660918,13,56.51758398573959,Beginner
37,182,74,17.404696979222408,12,89.80342626984687,Advanced
21,167,81,15.896021705521967,13,69.73876583858414,Intermediate
36,171,76,7.51286984824628,10,74.61080916437334,Intermediate
20,159,64,10.794559674764292,14,94.0325288732289,Advanced
36,157,67,9.775035421720482,1,70.64555947946066,Intermediate
37,153,73,9.270857089806828,0,76.87468768366173,Intermediate
24,161,56,13.222886729599741,10,52.4649831204585,Beginner
37,185,84,19.08062905183314,7,50.117373693372656,Beginner
26,154,74,9.34905864434472,3,62.23999365008629,Beginner
18,166,71,12.333577594059628,2,84.02915464593836,Intermediate
25,157,87,12.818348536823246,12,56.06324466795684,Beginner
24,163,68,24.529130588708203,11,55.68809794022747,Beginner
35,171,67,24.093327137581376,3,70.54803040179516,Intermediate
25,162,62,21.002751655041518,13,82.39185193041132,Intermediate
18,180,75,9.833178416383703,10,85.60359961239652,Advanced
28,185,74,6.360746281833394,4,58.92253370491874,Beginner
35,147,60,11.338082754412495,0,53.979407368602125,Beginner
27,163,67,10.335890988676617,14,97.0198516972772,Advanced
20,170,60,15.118516002927878,13,63.033319128105084,Beginner
24,181,59,20.55455820135586,10,92.66732488043618,Advanced
33,165,44,22.166458777577162,0,93.17457252314091,Advanced
33,169,66,21.89728170821017,2,88.62612958812721,Advanced
37,158,44,12.193511224461355,5,58.44168033262851,Beginner
34,154,63,18.74468686921366,0,91.09007296271002,Advanced
19,184,60,11.256683950484401,13,88.46252796207933,Advanced
18,151,85,6.218110864703654,10,79.83614950531086,Intermediate
33,193,54,19.031305312058848,11,66.86010175844764,Intermediate
29,177,58,5.1965510513957565,14,63.125430213327206,Beginner
22,176,64,13.183651749169771,1,56.09446060401795,Beginner
22,175,61,11.587585386041514,14,75.48785334504358,Intermediate
26,167,90,18.86755077037705,11,79.26304377549232,Intermediate
26,173,52,20.324909455207578,13,67.96694952578936,Intermediate
20,168,64,11.081892719425676,6,73.76795338404342,Intermediate
36,175,74,21.23254028889707,13,68.17572286846334,Intermediate
33,169,83,10.878335210098676,13,82.05030286603505,Intermediate
33,160,64,13.926527199731225,0,95.06296038982816,Advanced
20,161,41,19.54037054028268,12,58.196013102347244,Beginner
37,160,67,18.858404584495773,13,69.07044049515616,Intermediate
39,179,90,24.747369446244,14,57.04343019754307,Beginner
18,163,74,9.503220484318637,6,81.2471885203916,Intermediate
37,150,73,18.246358270791646,14,86.44352547442979,Advanced
28,173,54,17.193638165515548,3,96.59563662987279,Advanced
34,185,52,23.301969089800597,9,63.943596313048246,Beginner
25,177,70,8.127242832897501,13,97.51056029327151,Advanced
21,163,48,20.03596327173866,5,53.16313359103374,Beginner
23,154,81,16.36537232537537,13,80.15069316822941,Intermediate
25,168,57,10.493317395758108,7,52.8566359671665,Beginner
37,168,69,14.488698282943481,8,94.68870938809724,Advanced
20,160,41,11.675531941395956,5,76.4904528535027,Intermediate
33,175,64,16.586268055769217,11,83.46741753813981,Intermediate
20,188,52,22.78001221629332,10,91.57869629552263,Advanced
35,172,35,16.38609968824404,12,57.51553112419844,Beginner
31,171,78,17.63444836653168,14,51.929578096906695,Beginner
35,160,94,15.374956942294189,13,93.94405729564261,Advanced
19,183,86,6.023310128909518,8,65.74666137294662,Intermediate
39,169,80,9.657171137521885,3,56.44894539635826,Beginner
20,164,63,14.840034588641656,5,73.42306185435433,Intermediate
33,170,82,11.204705674894095,7,79.91530378480094,Intermediate
26,174,88,8.635271955223885,8,51.548530171125506,Beginner
21,171,72,15.082656838368766,2,63.74478291285439,Beginner
18,182,52,11.456195868957007,1,51.6399937138448,Beginner
21,173,62,10.162152863468295,5,71.01676945977495,Intermediate
18,167,95,14.279708348807617,3,94.75500145331222,Advanced
31,174,68,7.665685161643463,0,99.13262057467847,Advanced
38,174,20,23.554914661508146,7,81.85237767518137,Intermediate
33,157,47,22.35404195838478,8,58.08188468922959,Beginner
37,181,63,19.152411714810707,13,95.29246949996528,Advanced
25,166,85,7.124276551769125,8,75.81239116000302,Intermediate
24,167,65,20.51754508939386,1,57.6874656051459,Beginner
20,177,85,21.15914656218038,8,96.08633347258308,Advanced
34,177,62,20.355292354286753,6,87.87345253615516,Advanced
18,162,40,7.279317742384823,4,86.58526363615758,Advanced
33,178,62,17.878159141355294,6,85.45903518972023,Advanced
29,164,75,21.686495914987972,12,60.016991054822114,Beginner
36,188,73,16.547068024393354,8,60.550334585376305,Beginner
39,161,51,17.928147504561778,7,84.41464992136275,Intermediate
39,172,64,14.167269588526123,5,60.98613750551984,Beginner
31,162,110,15.574146397681051,12,71.93358484015243,Intermediate
23,192,51,5.687537167034504,3,89.10009127969707,Advanced
23,157,79,17.77926043946569,12,89.19762590489205,Advanced
30,175,38,6.628944257823184,14,72.66308862629299,Intermediate
36,162,82,13.700291886804468,0,89.60949691376226,Advanced
39,166,56,10.853101953348157,5,91.93108980990283,Advanced
25,174,76,15.908559004234261,2,82.73878756421301,Intermediate
19,182,50,7.668326710464141,5,61.42129261542101,Beginner
38,186,74,18.832868039466362,5,63.70058901927737,Beginner
18,154,56,20.900230738569405,13,65.74205777043677,Intermediate
32,172,59,8.26708899486313,3,55.8402053866976,Beginner
18,184,76,7.086261747037643,1,63.65798101849725,Beginner
22,153,63,7.910309655747183,14,60.475961215626604,Beginner
33,173,75,22.542551237970034,8,72.7664374904301,Intermediate
36,169,67,15.563785235127124,1,95.42187739361324,Advanced
21,174,71,14.345219920150052,2,55.224015837697905,Beginner
20,162,76,7.134236382047085,9,86.01339619736979,Advanced
34,155,64,17.991120135139234,0,84.36415022065638,Intermediate
34,150,55,22.3599918379018,6,54.78770993316788,Beginner
29,179,62,21.563717386469058,14,96.12862024529,Advanced
31,181,87,17.521094179616025,0,78.42361010784097,Intermediate
38,173,71,6.505574333033472,10,68.18627605678421,Intermediate
23,164,57,7.24794054352026,8,87.82692917476533,Advanced
20,153,76,5.9861797421964935,10,62.8682729200817,Beginner
26,175,77,10.149584329849386,10,84.67549185231601,Intermediate
22,158,77,7.713229343207555,0,51.98556037861236,Beginner
34,162,55,10.200960805048677,4,91.9704018804636,Advanced
31,164,59,12.701161114379234,6,72.40854235106593,Intermediate
38,168,59,23.859655681422712,2,81.83464571789709,Intermediate
20,162,64,17.20752119563384,8,61.061890990334184,Beginner
18,170,78,21.699475713659247,7,83.8536856329224,Intermediate
37,163,74,19.207030014246644,12,88.61201379466382,Advanced
38,177,75,7.250062610532635,14,73.66065934421994,Intermediate
18,180,90,19.718408127478977,2,80.88634620308972,Intermediate
20,171,80,10.501977631182488,14,72.81629619111993,Intermediate
35,174,67,17.78215693989413,4,94.70456846289227,Advanced
27,191,52,11.81923947285977,6,74.89345902571596,Intermediate
39,158,59,24.953445265293183,11,92.09043545144095,Advanced
20,157,66,10.271029589935557,13,90.06760291351243,Advanced
25,176,82,10.582609415485393,3,70.52524106741782,Intermediate
31,189,69,23.613445111247966,4,61.504224592873754,Beginner
35,167,60,5.492888092726453,2,70.30410662798855,Intermediate
32,187,59,18.933779757463938,8,91.31086878876101,Advanced
39,170,68,19.506527814717565,9,61.38162679096962,Beginner
19,163,83,21.727571548207987,8,76.22181729288747,Intermediate
27,160,93,24.488786212769508,6,90.30483739803736,Advanced
19,176,66,24.51203838313305,9,67.67387375641894,Intermediate
34,160,69,6.305535151329278,1,82.11048185013487,Intermediate
25,170,51,21.43678645505805,6,62.281578702440726,Beginner
18,185,99,17.926198673147624,6,55.463972268408,Beginner
26,166,48,17.946842687461825,10,89.71921125464281,Advanced
28,183,87,7.566998532293896,4,54.94843117043534,Beginner
39,157,64,18.003743328913068,8,63.56906975397923,Beginner
33,164,61,24.649651612024957,12,92.75547109987201,Advanced
24,155,53,23.23637139078894,11,67.32346435393336,Intermediate
27,170,106,13.78261321609701,10,98.65226747570806,Advanced
20,177,73,5.798959465721887,2,98.98671673869299,Advanced
35,170,70,12.245869800004098,3,63.41380102267783,Beginner
30,182,83,21.527806232011105,0,52.04891111249452,Beginner
24,162,60,19.02998202930332,5,85.25316421026895,Advanced
21,172,70,14.186873111879128,3,72.54932513241718,Intermediate
30,164,70,6.102030703176622,0,55.03764219797881,Beginner
37,173,62,13.537894556466053,1,85.37614094890213,Advanced
18,175,87,14.38049879435767,14,51.55874545559606,Beginner
25,175,66,23.57111065788272,2,93.5098345246121,Advanced
31,159,46,17.821722071643187,8,56.932626455665186,Beginner
33,161,65,11.233058333092977,12,56.36559393733625,Beginner
31,162,73,15.506365289014427,7,58.78361489842923,Beginner
29,167,56,6.321106156443202,6,98.01331792460333,Advanced
36,170,57,24.451364712994735,12,84.65846801269231,Intermediate
32,177,61,12.201198038614521,14,90.06857677318183,Advanced
19,161,88,14.557347098262717,10,69.88174928663764,Intermediate
19,153,62,12.105679484738452,11,66.81563637524778,Intermediate
39,191,91,18.650234602324005,13,61.7242003391585,Beginner
36,158,60,18.24464316659186,3,74.03240141562046,Intermediate
39,178,74,19.306446210582713,0,77.59143667670843,Intermediate
39,170,63,10.362864592238417,7,81.58874218263777,Intermediate
34,172,81,11.31336962328132,3,62.855925199934724,Beginner
37,169,53,7.505024621924159,2,97.43270404514953,Advanced
27,166,81,18.11019943692225,8,58.487924910356796,Beginner
23,174,71,5.795942546713051,9,98.2826587383206,Advanced
32,165,60,16.95364671046918,3,50.74280612537519,Beginner
39,181,67,22.393917697032677,3,74.05628459084228,Intermediate
28,175,93,22.81664296579267,13,66.66839190582814,Intermediate
22,175,72,13.980755207399234,8,72.45617069651254,Intermediate
18,164,59,14.186073764261476,12,78.53322894903945,Intermediate
25,167,51,6.539383660160347,11,71.77945790063545,Intermediate
38,158,77,18.415300508860714,10,70.74234251507974,Intermediate
29,166,72,21.42518840745691,11,86.63617077066533,Advanced
29,159,80,9.89310109209426,13,84.29381375432322,Intermediate
22,183,48,13.426017632667293,1,91.66356410179239,Advanced
24,170,52,21.776786735305407,13,62.49794906197478,Beginner
21,171,87,22.54240935324576,11,80.47642548770318,Intermediate
23,167,74,9.863599605284518,4,79.2597392696427,Intermediate
30,171,78,16.011412690827285,14,68.48689054363444,Intermediate
37,194,55,8.849863012716542,3,74.30287709513405,Intermediate
32,166,55,7.037575282791131,8,65.68910716528643,Intermediate
20,163,84,23.22241002783915,11,57.09221988084926,Beginner
25,175,85,21.410150084642183,4,60.690060533136645,Beginner
37,144,53,20.20069803606348,8,55.275682320060056,Beginner
33,170,50,5.975326376262808,10,84.15347875950621,Intermediate
30,166,68,21.874575854205148,8,83.03636965545758,Intermediate
35,160,58,13.760881518107675,13,97.53031857899364,Advanced
27,175,57,11.847902465917192,1,86.48392068236205,Advanced
36,170,51,15.929527220507529,13,52.60229193780657,Beginner
34,151,62,6.827064854471116,14,94.21225869644772,Advanced
36,163,52,20.132930987047978,8,93.13375814728629,Advanced
22,141,53,16.648701537765916,2,72.16601603863494,Intermediate
38,172,74,8.73180193746335,3,79.29315252639609,Intermediate
26,172,69,8.764643995380911,0,98.80391662362595,Advanced
29,162,77,8.684973031453485,13,76.61521819240832,Intermediate
38,175,45,6.140047751038679,0,95.26609141880448,Advanced
18,157,70,16.755968987433697,0,54.15193789050932,Beginner
18,160,101,21.806963551770163,8,59.55259343543414,Beginner
32,174,64,5.349964279747772,10,72.03774717206589,Intermediate
19,163,82,5.980092899425471,7,79.23784041686524,Intermediate
39,169,82,16.455405533738915,4,90.81139259314001,Advanced
33,164,82,21.389913707721046,4,99.41310575715934,Advanced
25,165,72,11.534777811372672,8,69.44257482370583,Intermediate
30,166,78,11.992287976154444,2,52.37078180700425,Beginner
38,162,80,16.92692994993552,2,90.05857516476624,Advanced
18,173,79,10.48425778248294,6,80.21903595414041,Intermediate
33,163,53,5.532167321553683,8,59.92714294341008,Beginner
24,170,44,19.704570362031923,5,74.741422831071,Intermediate
22,162,46,17.512998258829064,13,87.11551227668622,Advanced
39,154,65,16.615119981113182,1,88.52058935343219,Advanced
20,179,78,19.833682579836463,0,74.9809205999381,Intermediate
29,174,53,18.50461675124075,1,65.26072650644295,Intermediate
33,192,83,9.117639763566423,13,98.68712910192468,Advanced
36,159,62,12.049620938867022,13,83.16813054782465,Intermediate
22,167,62,7.5222028335725,0,70.41187596731493,Intermediate
39,168,57,7.59714026835762,9,64.02316121023262,Beginner
31,179,41,18.523914927130782,9,86.55514915017811,Advanced
22,164,73,22.172002139649965,8,62.10917227968839,Beginner
32,158,95,24.254651677222782,14,58.58549944868441,Beginner
34,182,69,17.56694235098889,9,76.49169444810352,Intermediate
31,166,42,8.682026467219139,14,64.49936963220709,Beginner
37,178,81,7.113006908978614,11,81.44525724618074,Intermediate
22,177,45,21.257019430735156,13,55.89693374371167,Beginner
29,169,51,16.575129527199984,12,82.74705522836608,Intermediate
33,168,66,17.365700420274397,7,64.16482639988511,Beginner
33,166,71,20.629241775094187,14,50.012146721725635,Beginner
38,169,54,19.06554455464903,6,56.34680288370882,Beginner
24,178,65,21.689165057121933,14,96.6807688917547,Advanced
21,162,80,6.1242781091975695,2,93.3677319557679,Advanced
18,171,82,19.950412734930097,7,61.68045160181184,Beginner
22,158,88,22.01705514644191,1,88.91859522727455,Advanced
27,160,98,10.722700849166287,1,80.42857965869871,Intermediate
39,169,82,17.80894547986506,10,98.54523557249348,Advanced
22,150,66,11.283241276739442,9,68.68028297670296,Intermediate
21,190,82,24.15942132964908,2,84.07303062585856,Intermediate
19,158,77,5.668471448710076,6,53.17678612119593,Beginner
37,169,77,16.5958568766591,0,69.8123673408203,Intermediate
27,181,72,8.330070940990302,7,98.19088305940903,Advanced
36,161,56,19.244404103543175,11,76.94904372250602,Intermediate
18,146,54,8.517805668373242,6,64.39397516674222,Beginner
22,165,68,9.707665237967152,3,56.013548156430346,Beginner
30,161,72,14.887416220915162,13,85.17641700907652,Advanced
21,147,59,23.29669899993756,14,82.24280217148635,Intermediate
33,172,76,9.234287442959417,4,68.69693568018873,Intermediate
33,172,101,7.884800422362071,9,97.54706759329171,Advanced
19,181,43,20.179536637080613,12,51.11014064939251,Beginner
34,158,78,15.01239064667862,0,65.18619258159129,Intermediate
37,154,69,23.235702247635427,3,96.05347431497907,Advanced
29,165,76,7.932291143196846,14,66.04677191597202,Intermediate
35,169,63,17.918557860460787,0,62.612641692758515,Beginner
20,179,67,9.657582923036301,0,76.71102049656237,Intermediate
18,184,71,8.135208573032786,9,91.1900874960269,Advanced
18,182,65,18.668588303145413,0,55.15733804391805,Beginner
36,172,47,16.873692398174665,6,97.1510354822868,Advanced
28,177,66,20.096549167246625,6,89.7536440590582,Advanced
22,163,48,11.189251528923647,3,59.062512777577595,Beginner
29,171,79,13.959433127643798,14,85.60039805990813,Advanced
20,158,42,13.10943352660837,12,69.24793613187785,Intermediate
18,170,85,24.681789279330285,11,70.11473390381593,Intermediate
18,170,76,10.844979134787758,1,89.16450462194332,Advanced
25,187,76,10.896344766935337,11,98.13924039903661,Advanced
27,167,37,12.090964176572147,2,56.3327936423597,Beginner
28,170,65,16.291881625806433,7,71.03151184394096,Intermediate
29,172,87,10.046454885274905,12,74.04708040421518,Intermediate
30,165,62,23.30579880758548,7,68.81559084774989,Intermediate
29,161,53,10.31371129732527,10,68.15945618581125,Intermediate
31,182,60,22.916314631203893,10,52.613433378079826,Beginner
19,160,68,7.069501272931693,5,84.27693102813117,Intermediate
36,156,57,18.131254047993046,14,71.81072085600226,Intermediate
35,176,88,23.139710368764874,9,59.73969013219634,Beginner
20,181,69,8.374988767964592,8,90.80167511510342,Advanced
34,165,61,24.3665392019851,10,90.12803740758139,Advanced
25,165,50,14.057667208310233,11,74.31958140444469,Intermediate
27,172,77,23.91430216882049,8,64.92253305738802,Beginner
19,162,76,18.53640087260094,3,81.90463628982262,Intermediate
36,162,58,11.03173739747103,11,64.40760678887015,Beginner
26,178,36,8.766050498342128,0,61.8003965161856,Beginner
24,176,76,11.074700924501988,0,86.52573270131633,Advanced
21,183,67,6.8603481852535,14,52.01626198604754,Beginner
38,157,75,7.877359326866595,11,54.738423551729696,Beginner
35,164,99,7.093208806929622,9,50.33940870117949,Beginner
30,172,69,13.458870874831154,14,57.647159323771305,Beginner
28,160,62,20.911567525151728,4,53.44950043552297,Beginner
21,176,52,7.827671084326804,13,99.79011838899592,Advanced
38,182,65,7.606408663446718,12,64.44049849770448,Beginner
21,164,72,17.868578990346613,1,57.46340063346236,Beginner
27,170,70,8.943659639361325,14,62.049812899795896,Beginner
22,184,95,6.952200762179832,5,96.80627857700674,Advanced
26,187,77,8.336971564111552,6,76.00801115121979,Intermediate
20,177,67,23.47462791753552,0,68.24090481539284,Intermediate
34,175,59,21.429425055523815,5,93.66957289546096,Advanced
20,161,74,12.081291247101882,7,69.74951352745163,Intermediate
33,173,56,18.116415346547857,11,66.7504284978848,Intermediate
21,175,72,15.745513473360761,4,60.36412612748678,Beginner
35,167,77,18.54248526965128,13,68.88984119547058,Intermediate
34,164,66,18.65342304925519,11,65.8342178008463,Intermediate
24,157,60,17.57468030119986,6,83.86519796490705,Intermediate
22,152,37,10.322027370746172,9,64.47913523353635,Beginner
29,150,87,5.780128415256362,5,78.85998732112807,Intermediate
34,175,76,14.111335639802176,3,53.29460825159863,Beginner
30,171,76,22.819477693814076,14,59.56445783482572,Beginner
20,165,46,16.38994517037152,14,70.37026358056744,Intermediate
26,166,90,21.647820834038157,6,96.84746269543477,Advanced
34,172,63,24.832486859224563,9,68.86259928578477,Intermediate
34,168,65,8.272324082765525,8,83.2037060599917,Intermediate
37,156,53,18.835552782839645,9,62.754361121069905,Beginner
33,179,43,18.485871474000493,9,56.35167879866159,Beginner
39,173,87,24.59910894716557,12,52.926830004002504,Beginner
30,172,89,24.712014679056008,6,65.27067492713756,Intermediate
36,178,67,18.73357223448259,11,57.883051339845395,Beginner
34,161,59,9.872295839643886,13,58.70052240080621,Beginner
21,182,64,20.97111676261198,4,88.0379654193475,Advanced
29,168,64,7.140582684220762,6,50.79190354724371,Beginner
26,178,52,20.61398608343257,2,77.89050628677172,Intermediate
36,177,65,23.20392248289393,1,68.97306902967324,Intermediate
29,159,72,12.656667895368706,10,75.32749999542736,Intermediate
26,175,85,17.61270589966161,14,78.14151186073015,Intermediate
24,173,70,13.602854641936526,4,65.6683847228639,Intermediate
31,170,46,13.755301099762569,3,64.75544300921426,Beginner
37,169,75,11.207417782162402,4,86.67009246674529,Advanced
36,169,66,20.24259240900649,7,93.56384940605786,Advanced
32,178,90,23.723531283330104,11,59.62908162292639,Beginner
33,175,91,23.81501718468922,3,54.88093802675745,Beginner
38,170,91,8.495625697498676,14,94.8897903196013,Advanced
22,155,61,22.49487299313132,8,67.49477318236993,Intermediate
20,174,99,19.748628828542444,6,77.5658695331407,Intermediate
29,177,75,10.056748013805786,9,67.97715722600017,Intermediate
37,193,94,6.345692258430291,12,56.29011681730257,Beginner
38,180,62,10.35994533768756,11,79.4665822473864,Intermediate
21,151,65,23.244164735630513,6,76.25704258848148,Intermediate
38,170,74,17.663573497915444,14,60.14967795955986,Beginner
33,188,72,19.421093217957438,12,72.59345223261388,Intermediate
24,176,88,10.143047022181918,12,89.8473752007823,Advanced
30,173,66,19.387763111496405,7,79.52130515539457,Intermediate
38,179,87,5.562430125558475,11,54.84586635334974,Beginner
27,163,80,12.506426915460276,5,77.40107486145675,Intermediate
24,174,66,17.535066970846625,7,85.13691496447935,Advanced
31,167,79,7.9219313108264044,2,89.63517028903757,Advanced
22,169,62,21.460071488938695,9,81.45587893171334,Intermediate
20,178,105,9.700625976238372,9,57.63290822703919,Beginner
28,160,30,18.045622256368926,13,85.50866332950804,Advanced
28,182,80,13.103942851506593,0,83.86709230407581,Intermediate
35,165,43,16.920871909552943,5,51.22134414703166,Beginner
32,172,66,7.149011052578162,0,70.58738337951216,Intermediate
29,155,68,5.338255998432146,8,66.64751234811867,Intermediate
26,177,92,23.191288547606025,13,83.47060321268216,Intermediate
27,184,59,10.392600175343656,1,60.806790615546035,Beginner
29,164,89,21.393540055609183,10,79.54359614871292,Intermediate
34,158,52,24.987006009444002,1,95.66029809070861,Advanced
23,172,90,9.228625159978224,6,89.89011861043039,Advanced
24,184,62,10.303414823667111,1,96.07288681082652,Advanced
31,155,71,18.257195752693313,9,98.92529834663449,Advanced
30,158,64,24.308972692012425,7,50.53350635030814,Beginner
25,165,89,23.31628696381488,5,81.13706381887388,Intermediate
27,161,86,15.057510401311697,13,70.64196988794532,Intermediate
26,161,76,20.902205650534494,6,92.99272451675608,Advanced
35,149,52,7.714917061998021,6,62.590735100456584,Beginner
19,175,59,24.548763684080246,5,99.0514744557538,Advanced
22,173,54,24.28706468071973,9,80.68539847718736,Intermediate
22,153,36,8.27457915758342,10,89.67687011144154,Advanced
23,184,88,10.988462496062132,8,54.279977641138416,Beginner
36,186,65,7.003099950135338,12,59.172894237943254,Beginner
25,162,64,10.434351977963594,8,87.92018365171016,Advanced
33,181,92,21.31911578830413,14,51.09932610196618,Beginner
30,164,62,12.56631214330519,6,90.84389929468914,Advanced
18,171,57,6.7679393429351675,8,50.69745093459557,Beginner
39,161,66,11.844510495578092,12,82.85594195306366,Intermediate
37,192,53,24.627666684825602,9,68.2546960115903,Intermediate
34,167,75,17.59367190518406,2,80.57474263595995,Intermediate
24,171,64,13.323218928123154,2,84.80157034945569,Intermediate
30,163,62,8.3307702699454,0,67.1237609593152,Intermediate
21,188,61,24.723535945673895,4,55.39812240554178,Beginner
21,188,68,21.416980185262574,14,53.48229338741328,Beginner
23,186,71,10.629546049018387,3,79.44680112812739,Intermediate
36,179,62,6.40137391442379,1,76.03276768670557,Intermediate
29,163,64,6.132511147551161,8,87.11005045605663,Advanced
39,178,68,7.4075629901106765,2,75.48677550019686,Intermediate
24,169,67,16.615371672288433,14,71.12228950154396,Intermediate
27,183,70,23.575268424109847,7,69.90435891181154,Intermediate
36,181,59,14.934868560119689,5,51.322345129883374,Beginner
24,163,85,21.858909649123945,13,66.77786008483285,Intermediate
20,179,71,13.917732397196156,12,98.8010078762247,Advanced
30,176,62,19.171670915356504,4,93.67777881135444,Advanced
30,142,75,19.637454745730018,0,66.46890335171088,Intermediate
35,178,68,8.479274118066773,3,79.3897702533186,Intermediate
37,165,43,12.224321179516235,2,92.3648372767747,Advanced
25,161,75,17.746043130760476,0,72.06371683750343,Intermediate
26,161,54,6.413932163687324,11,50.89789318750755,Beginner
24,168,84,12.230803755259132,14,53.725523090932,Beginner
18,174,66,15.695989325623849,4,75.51963606743533,Intermediate
20,156,81,24.924489860892773,5,98.47196878379393,Advanced
30,171,60,14.490671252448815,1,84.66047711094339,Intermediate
34,175,71,21.321135142286472,14,53.54580957192847,Beginner
18,188,88,13.641345701332355,13,59.46804378959314,Beginner
23,159,65,20.927814452394177,2,88.5661571608425,Advanced
38,166,61,16.90829603240217,10,92.07198799781224,Advanced
23,172,79,22.731908830047967,13,80.88472930942955,Intermediate
29,181,79,13.218851047002198,14,82.22115848149083,Intermediate
30,166,61,17.086088396429577,5,51.41687251916923,Beginner
30,181,40,17.600373612376547,3,91.42651297907543,Advanced
32,150,60,13.347658836009465,8,89.41376040854149,Advanced
38,157,80,7.88624087374963,4,62.951757205167354,Beginner
33,173,58,6.871188138246711,3,85.43383599827536,Advanced
39,155,69,5.333431011992662,1,60.74273032124991,Beginner
38,158,60,22.47068528490429,5,52.01650805257565,Beginner
28,164,41,9.729498244773891,9,60.056827129518865,Beginner
22,177,59,9.230134985635361,1,58.93144383771497,Beginner
21,151,80,19.72070800852131,11,66.88739983674236,Intermediate
20,171,34,11.400322261747835,12,70.9224748587729,Intermediate
36,180,73,15.120893848236731,6,75.4269445748854,Intermediate
37,168,52,8.250221305949125,2,73.83769377541641,Intermediate
35,166,79,24.194914429239386,8,63.533730298264466,Beginner
32,174,80,22.031628000344746,10,51.458533428703724,Beginner
26,168,67,22.275792459300064,4,80.25508111185754,Intermediate
34,183,67,13.135474971440104,7,69.78724149236771,Intermediate
31,158,57,20.247224274143456,10,64.93360786937748,Beginner
32,169,49,7.877523107795604,5,93.34705214152561,Advanced
18,172,95,5.172380051835606,13,87.337165389908,Advanced
38,166,57,5.399458651560563,11,92.88827741862211,Advanced
39,141,93,16.73203474809121,9,74.74913973562305,Intermediate
39,168,57,14.107898104958815,7,56.546562606338874,Beginner
20,179,77,15.360306978170396,12,84.81107180606362,Intermediate
33,177,52,5.149262808344388,12,60.30368899685876,Beginner
28,173,77,13.453732393148513,10,72.06148345458584,Intermediate
29,159,65,19.361363224017218,11,53.25003944744442,Beginner
27,173,65,13.853874039348717,2,91.26542012114912,Advanced
33,164,79,19.644384126244447,2,56.29703205237503,Beginner
25,173,62,9.660379287936696,4,95.15487535246548,Advanced
23,171,48,21.26284008963451,10,93.21153011307786,Advanced
29,160,81,16.768624809069046,9,73.2291382219623,Intermediate
38,161,52,9.215261988598124,2,87.21841021519953,Advanced
25,173,77,9.734409517076658,7,80.97225369090766,Intermediate
21,167,84,17.56060929139074,9,90.15378211688724,Advanced
25,161,64,21.598791864248867,12,71.5902550392956,Intermediate
35,160,87,13.312555640583103,11,89.2904242122175,Advanced
22,166,77,10.166008582551845,13,73.1228408532574,Intermediate
26,185,59,22.34023213821201,7,97.0482893921397,Advanced
21,164,91,18.3853658350167,1,74.31860504125737,Intermediate
39,169,52,13.96170974566153,11,73.13096359668648,Intermediate
34,171,64,14.758003905586037,3,89.25359307817564,Advanced
26,158,66,9.085129358727928,9,91.07888458804189,Advanced
18,152,79,17.53605260129688,12,77.72445571605854,Intermediate
38,159,86,12.174850210857773,0,58.98989067475377,Beginner
37,172,85,24.912903533486986,3,73.38791154787897,Intermediate
30,170,73,14.603670305237756,11,98.40362514548391,Advanced
33,177,65,14.717712123792264,12,87.64930965195926,Advanced
30,170,42,16.31703574821344,12,90.5581301939566,Advanced
31,168,50,23.335120062374934,10,51.641274940962006,Beginner
20,163,96,21.016361997195006,12,73.39297313170799,Intermediate
23,178,42,14.022601395956828,3,82.33105668287777,Intermediate
35,160,58,19.37398531945592,9,91.50163418140374,Advanced
36,158,87,16.724709975615234,8,52.46368267913857,Beginner
22,175,73,14.847340974024979,14,92.62194428209366,Advanced
32,156,83,8.84631545568701,2,77.42004683709558,Intermediate
19,194,78,14.27872526909782,14,59.865698528802994,Beginner
27,170,92,9.916371740451492,1,65.862760822485,Intermediate
35,173,74,23.296842997033092,8,64.09647758757804,Beginner
30,161,79,11.70813626992694,8,76.5429517144238,Intermediate
22,166,59,24.045280290667446,0,52.58428399555659,Beginner
18,165,78,15.661105801894223,5,57.926807924996176,Beginner
39,164,64,17.630887573523207,9,90.63465216878912,Advanced
18,176,63,15.858808889786555,7,56.63019953734055,Beginner
35,165,83,7.587612339334018,2,61.66981347290635,Beginner
32,180,83,12.516424380158819,10,72.66853028020786,Intermediate
34,196,95,6.982922245552478,8,75.85604440566652,Intermediate
28,167,94,17.459080883667635,1,88.18052398070793,Advanced
38,171,83,13.93748390400878,5,72.36662133330938,Intermediate
39,173,44,20.559699431418736,0,89.49323105177695,Advanced
34,188,97,9.409409619987397,12,80.91731535227288,Intermediate
30,169,83,8.291321168586698,6,55.65498697119112,Beginner
18,161,58,13.126644619275357,2,57.81657191964193,Beginner
19,157,80,23.531707664367623,6,71.85168627248854,Intermediate
26,169,54,19.208436300248234,3,69.84446965445198,Intermediate
20,165,79,13.378472495858373,8,87.17721348186473,Advanced
18,190,50,15.34544339508621,4,79.0368569898676,Intermediate
38,187,57,6.684260223541967,2,69.40665405011246,Intermediate
33,159,80,24.691517927522263,14,58.53801417251928,Beginner
23,162,86,18.32814609389838,7,61.34185511627476,Beginner
34,170,74,10.708081369268449,5,78.77505092345295,Intermediate
22,183,65,16.716167884304888,1,71.17194024498963,Intermediate
22,170,38,7.18964732137988,2,75.7463754430336,Intermediate
23,163,66,24.31673337615167,7,58.533871765111684,Beginner
20,169,78,8.49569975766732,14,83.14531261722829,Intermediate
38,163,65,17.960606361104283,9,92.62693704279835,Advanced
22,176,69,9.909089250778608,6,62.89697533934503,Beginner
38,162,67,19.351227652970714,9,74.57571129159133,Intermediate
22,164,65,20.53642734480562,5,98.77636645104509,Advanced
27,181,71,18.468394578228654,13,66.66208702753639,Intermediate
27,162,65,17.28998920510385,0,79.75231724618806,Intermediate
36,155,91,22.849381879040234,8,54.509785010012216,Beginner
34,170,36,6.572534219795161,2,80.30075012397216,Intermediate
38,166,61,11.618295315603904,13,54.481588665230895,Beginner
31,175,56,9.96574959261692,4,97.9617717661911,Advanced
26,173,73,24.76027924130843,6,85.78313260361557,Advanced
31,169,71,12.78779559333747,14,89.40798940678532,Advanced
18,169,94,19.652253984807974,6,85.20521803858185,Advanced
36,162,99,18.694503277620093,2,79.48645180382329,Intermediate
30,170,58,9.241624749547555,14,72.49563905427527,Intermediate
30,178,70,9.779953604231027,3,92.91866898805313,Advanced
21,160,72,10.625691271060681,9,97.84178337715315,Advanced
18,169,58,13.222545565187584,6,74.95180864520407,Intermediate
34,180,79,9.686501313010536,7,96.57675245776309,Advanced
25,175,66,5.3930296549369565,1,79.16664549942587,Intermediate
19,183,53,22.58786113614391,8,76.91920934482167,Intermediate
25,164,65,24.31219662761768,6,72.72413664776784,Intermediate
24,151,55,11.83140774063136,12,60.46438807650599,Beginner
19,172,85,11.770137588509456,7,50.18598304090296,Beginner
39,173,98,5.141836255487419,5,62.07531134280306,Beginner
39,183,73,18.60501376660748,5,75.48615858017826,Intermediate
20,181,71,21.508797914972575,8,68.99799761298763,Intermediate
35,175,72,7.932166007200063,3,72.42426140013168,Intermediate
29,177,87,8.193326987343015,10,99.03241097820248,Advanced
18,168,87,20.801664999428755,10,67.51361853346637,Intermediate
39,157,68,17.32581496708289,4,72.60914696800539,Intermediate
29,171,73,5.89721115255434,8,56.67577756764098,Beginner
22,179,79,17.450939809245632,0,52.39788662184938,Beginner
34,176,52,11.178354456875322,3,88.77047572962474,Advanced
33,178,88,12.374503109416919,6,78.53415875359893,Intermediate
32,165,96,20.394628365937603,10,88.03524030219475,Advanced
32,167,87,21.21870385345221,14,57.49313994432758,Beginner
22,174,51,13.007132536796613,8,78.59143855913455,Intermediate
38,164,40,23.943058720127095,14,62.68212371706878,Beginner
31,164,80,13.129254359041445,13,61.403090845000996,Beginner
19,172,58,20.436720704602198,12,50.57630070264926,Beginner
28,177,74,14.677545291285181,10,56.517036178453594,Beginner
36,168,93,22.95064653044168,11,65.46340557498476,Intermediate
24,158,60,23.155224873003572,12,55.843938029546955,Beginner
23,162,64,6.748336157421678,9,99.29292202054688,Advanced
19,172,74,23.729866626204515,5,65.43163242619754,Intermediate
23,171,50,21.510696830408314,11,56.51619733511641,Beginner
35,172,58,20.82621428625334,7,59.95411564139789,Beginner
19,175,70,9.018226793710449,12,79.38516141707382,Intermediate
35,170,65,21.1023841750933,8,53.202176193239424,Beginner
32,172,79,22.002654693700737,9,93.12170650705784,Advanced
36,169,111,10.783006689083019,3,98.07498396185736,Advanced
19,181,71,24.045201567246476,0,62.337371033369045,Beginner
37,184,57,5.997202927983285,13,72.50476342954298,Intermediate
23,158,91,7.998185064942794,7,51.10672255147485,Beginner
18,167,46,15.751622761030287,1,82.03551123636107,Intermediate
32,170,49,16.515849422446195,10,70.69630290262944,Intermediate
27,167,61,17.903001666018067,0,63.502923305077786,Beginner
36,187,65,5.339382586309329,12,60.34185553083042,Beginner
34,172,60,24.207335492442606,6,82.70115388293803,Intermediate
22,161,69,5.89176185468288,11,70.81085155161573,Intermediate
21,175,74,7.861239054468047,9,58.982964451495604,Beginner
27,172,86,5.28029035052114,8,84.4554540743412,Intermediate
34,173,71,16.337168665881894,10,78.25361415183468,Intermediate
27,188,61,23.645337678419445,14,92.9336027464748,Advanced
34,173,85,18.318943321609282,11,55.87379494382465,Beginner
37,166,57,21.453149369608546,11,89.2833300972228,Advanced
22,150,45,5.265624069171602,8,83.67583934086295,Intermediate
19,168,88,15.840305969594521,2,55.75054684140489,Beginner
23,183,87,14.191259550110438,5,84.74103649358604,Intermediate
38,169,58,14.979358884415861,6,72.07736444399151,Intermediate
19,147,64,6.444263706703759,13,97.24923927779216,Advanced
30,165,56,18.68870722138615,9,57.08056753089497,Beginner
28,179,74,15.064408297172688,8,82.14166954078689,Intermediate
28,175,95,20.30297699722528,14,69.0990022731473,Intermediate
33,161,80,14.705812681234306,1,97.84073352954388,Advanced
28,164,85,7.987632724528641,7,66.49874476451382,Intermediate
36,165,82,17.96513908155644,13,98.10929547459,Advanced
32,163,69,8.447727242103324,6,95.07429255503746,Advanced
33,149,86,22.4478912670963,3,63.519161765532814,Beginner
28,177,81,17.26232478138483,1,90.17708884132139,Advanced
39,182,91,8.144077671139085,7,99.7802100901753,Advanced
33,154,63,24.246761149624135,10,62.63315010856412,Beginner
25,182,43,15.367309266706412,4,71.83885846616599,Intermediate
21,168,85,6.4579690374331005,5,76.00903682833798,Intermediate
25,182,75,17.536658088301344,13,64.74655679019321,Beginner
21,170,65,10.063978140256204,10,50.76324198230149,Beginner
20,171,66,21.07386903754605,6,61.00646220987633,Beginner
20,173,108,21.356441471323812,14,64.09684421708792,Beginner
35,162,60,24.578947117093236,14,72.17998506590936,Intermediate
36,181,57,15.037390620490074,9,58.55512392067009,Beginner
36,158,71,14.099137594554742,0,93.66271783458363,Advanced
38,165,87,20.06951210892961,7,85.2455566365668,Advanced
22,175,104,7.649413126838532,3,54.2600238779831,Beginner
35,164,79,15.938310275862484,12,82.50462255699657,Intermediate
27,177,50,15.924952002617019,8,82.68282382028102,Intermediate
39,183,99,6.789462456207744,0,97.81105868218138,Advanced
38,180,69,13.359681710138272,10,50.15104356780806,Beginner
23,150,57,22.065695971344038,1,62.39662249029036,Beginner
18,171,53,22.123072439893207,13,96.38957396876577,Advanced
22,180,82,6.9847532983936205,5,96.60669576991415,Advanced
26,156,73,6.8144176549566176,10,86.02932096853186,Advanced
29,177,75,10.253909540038705,9,88.288166052377,Advanced
31,176,89,22.49532125107987,10,54.57414789648236,Beginner
19,157,57,7.578051701469979,13,75.69379173891168,Intermediate
34,178,90,19.399936052548924,0,61.57914956444997,Beginner
31,172,62,7.023312392262064,3,59.06090218068086,Beginner
30,176,102,17.462757074956507,7,90.51516495616663,Advanced
26,160,78,12.121345982382897,14,56.75190683402737,Beginner
32,171,56,20.77827925931734,9,73.43258184981926,Intermediate
39,152,39,9.673808976507273,4,96.92891197930166,Advanced
32,147,82,17.784036587799196,12,59.291602778267126,Beginner
28,171,64,9.7136506915177,8,98.89967118691173,Advanced
33,181,67,19.273205662243075,10,99.71439928805296,Advanced
34,172,81,22.473560691214974,10,77.78085773412015,Intermediate
21,169,85,7.536035982535201,5,58.507137008857896,Beginner
18,168,88,22.33191377191007,0,65.80524439704479,Intermediate
25,160,52,16.871505088285957,5,71.22464163382676,Intermediate
34,167,91,7.5422098173404795,5,65.46621121791115,Intermediate
20,174,61,13.55083710719424,12,64.03177899382578,Beginner
37,165,36,8.217205869701958,5,98.61148546081787,Advanced
32,177,52,19.00695777733139,7,57.668241370787285,Beginner
32,171,73,20.177362688358993,14,86.66639543584311,Advanced
39,173,55,7.115930405455979,5,50.02051447195874,Beginner
31,178,68,15.122797053892887,4,79.80913347011884,Intermediate
31,164,75,21.292501120518345,14,95.79715019770262,Advanced
19,176,67,23.723260831019928,10,64.39670470466095,Beginner
30,166,62,15.270357334835401,1,59.27629876288596,Beginner
31,173,51,24.00558447222814,3,82.58398974392135,Intermediate
36,163,70,15.713779409120596,13,85.63007036491966,Advanced
24,160,39,12.883809891998158,14,84.40152594759907,Intermediate
20,170,59,21.96406257105791,9,65.9658440010687,Intermediate
32,151,56,14.859654209161782,4,62.610120107966544,Beginner
31,167,66,14.438050211290461,9,97.79593999810221,Advanced
28,153,66,14.806249788196567,3,96.16497541349648,Advanced
32,177,84,21.93570003739491,1,72.86583049464102,Intermediate
30,180,93,21.63883083376104,6,92.30969330771867,Advanced
35,161,53,13.070399848804223,9,72.6161738817148,Intermediate
23,174,99,11.665997197410501,9,71.21945090362553,Intermediate
20,178,58,14.838560480782586,1,57.83814737996473,Beginner
36,179,72,16.45545019474218,0,71.32030282459864,Intermediate
32,172,77,9.766744212559939,13,76.87084692999035,Intermediate
22,177,106,20.879101694311814,4,51.12521637143432,Beginner
27,163,61,14.729655314648458,11,72.20565025877032,Intermediate
24,170,43,11.680910968399193,12,89.06781091976,Advanced
34,165,92,7.136419859279812,0,84.0023028187135,Intermediate
24,162,57,9.776903208072138,0,81.75784944319675,Intermediate
39,170,64,23.985623435119674,14,95.47777142186013,Advanced
29,173,53,11.101993736390533,0,50.9016004912615,Beginner
34,181,64,8.377185787340707,5,77.8523793096117,Intermediate
30,172,57,14.213455833099864,8,89.36744242048536,Advanced
37,176,80,11.141754867204973,9,77.06676913506337,Intermediate
21,176,71,5.703185005423883,12,66.19477762901896,Intermediate
27,196,59,11.462904345588345,10,56.812528254598895,Beginner
20,151,84,15.882172478789371,11,94.37815359080957,Advanced
26,163,73,16.03424744039934,0,73.53811961938015,Intermediate
30,184,42,12.131178423537774,4,93.90575984928506,Advanced
35,166,83,13.946055125052013,14,79.29260612165842,Intermediate
32,178,72,24.31035836469533,8,83.70960583075004,Intermediate
21,172,90,12.546969544606233,13,90.2130577189225,Advanced
32,191,71,10.16453626519966,8,82.95777723000671,Intermediate
39,158,58,9.869340881335201,0,69.90274203394688,Intermediate
19,182,66,14.155292254082683,7,75.68166919643255,Intermediate
32,187,82,20.19040297433888,0,90.152276233794,Advanced
25,159,58,9.119763683769463,14,68.68251481864921,Intermediate
25,177,63,19.185922542815362,7,69.40607283842485,Intermediate
34,160,66,5.422996466988326,0,54.78450580290006,Beginner
29,170,52,13.37865955967892,11,95.72922176108739,Advanced
36,167,58,20.517301304055735,4,54.55181574727209,Beginner
27,145,72,11.774659115488628,7,82.4104588724278,Intermediate
26,174,88,16.274742028907987,5,70.65972394013988,Intermediate
22,171,74,9.099584656518216,8,70.28096951277212,Intermediate
23,184,69,19.839907822523447,0,83.97759182863419,Intermediate
37,176,57,6.045582065375193,8,53.354686631493934,Beginner
19,192,86,22.05085289751001,0,79.68528914757172,Intermediate
30,171,76,8.963927728433363,9,88.60158929861774,Advanced
23,168,59,22.487960634166615,9,91.41063789432971,Advanced
22,168,83,12.050584826010347,2,58.526519469688765,Beginner
18,165,78,19.453671489489732,0,94.87095250390868,Advanced
38,147,57,11.38450595572377,2,82.8073045923721,Intermediate
39,167,68,23.118233424692953,11,94.09274004103415,Advanced
38,149,62,7.532742510367488,10,74.26403585550992,Intermediate
23,174,109,8.570395785451975,12,77.1016672548601,Intermediate
23,157,77,14.860602503176047,1,95.95191385143356,Advanced
33,161,72,6.6387687807629225,1,94.99547716773358,Advanced
21,163,77,8.919603694035239,8,72.4080436684501,Intermediate
28,167,90,23.875327644240286,7,63.72063158178409,Beginner
26,170,68,24.529793222957743,0,69.6585217282132,Intermediate
20,180,61,12.525186586608438,11,69.38821642648749,Intermediate
36,164,82,23.465720420278714,13,64.34334374913969,Beginner
25,174,67,15.896493513468634,3,63.42898021664833,Beginner
22,197,53,10.394849317475341,12,93.05314682398597,Advanced
21,173,51,19.047974421611972,0,53.49309603423308,Beginner
23,168,92,18.178036131497144,0,83.88055910497971,Intermediate
19,162,71,24.782506382174667,11,58.641002572822615,Beginner
37,168,61,10.300945748185665,11,67.22529466970316,Intermediate
28,161,66,18.441190053234706,3,53.077151706741844,Beginner
21,172,82,6.040475100588938,1,63.4986818427731,Beginner
32,171,65,7.272920773934388,2,88.4210535558621,Advanced
23,148,48,5.078367499021866,10,94.25076622736293,Advanced
39,169,74,24.989213621193464,8,61.07635759511835,Beginner
34,180,88,21.045473942949556,1,73.17739196294609,Intermediate
23,166,87,20.734460294670818,3,73.51620239686032,Intermediate
36,163,61,15.194521505763595,0,93.6787652879867,Advanced
19,156,89,11.0013416581088,1,88.13995264379028,Advanced
32,151,73,8.025285689253518,4,75.6538609184025,Intermediate
28,178,88,10.693494776929274,13,83.53736002358866,Intermediate
25,168,78,12.519424438582782,9,92.36775269546834,Advanced
36,177,47,20.12620193960588,14,50.47694770127725,Beginner
30,185,96,15.793235778063048,0,70.14450155250243,Intermediate
29,179,70,6.549672531109653,10,95.36215836385394,Advanced
22,164,78,5.360580179178244,6,87.01565154219756,Advanced
23,171,49,7.0466435906812634,3,77.14206871670373,Intermediate
39,163,77,13.209974273947587,5,76.48222635175668,Intermediate
21,162,86,23.663858340980365,7,67.38850488022189,Intermediate
36,173,99,17.748049624184432,12,76.02602668207572,Intermediate
37,161,91,21.036517997510302,5,82.76915997317266,Intermediate
18,147,78,14.327491890090972,13,70.91815192143966,Intermediate
37,161,46,12.233321663900856,1,85.7076573196087,Advanced
34,166,71,7.168007454332455,0,93.0616113630193,Advanced
29,185,61,22.518660443724098,7,57.73424240924306,Beginner
32,165,73,20.663200580558055,7,72.57735114087123,Intermediate
18,175,51,8.362361951954503,8,70.40100456425405,Intermediate
31,168,66,15.245211277525211,5,84.37324020248641,Intermediate
23,182,62,14.747496158424898,11,62.49337326289647,Beginner
22,181,61,17.501831053730573,0,82.01254574761381,Intermediate
28,181,61,23.923737879825225,13,93.8744620865744,Advanced
21,152,67,16.595428835249592,8,70.90657998968113,Intermediate
30,172,74,15.804345335572371,11,95.550784998961,Advanced
28,177,32,6.006458658693279,12,99.65818694667392,Advanced
20,173,34,6.258149520360479,14,55.3046024973976,Beginner
18,176,64,8.746935826535777,13,61.652659399242935,Beginner
23,170,67,5.649415433834966,2,97.51898757410466,Advanced
35,162,72,19.86705791140025,10,97.91638432406934,Advanced
27,153,59,19.466606079879263,5,54.88536376933793,Beginner
22,163,70,7.721124688632859,9,50.749925018856835,Beginner
27,196,71,21.721578015905617,12,58.055001162821114,Beginner
29,165,58,8.095720696922239,9,99.80063916911242,Advanced
19,150,85,11.023511739947176,14,58.99998083053434,Beginner
30,177,72,9.9795379832273,10,75.12738033610115,Intermediate
25,178,78,12.446141971460955,11,92.42088632152556,Advanced
19,182,71,10.093275317799238,13,51.02008053441032,Beginner
37,174,101,14.779018528769042,14,80.22444911292297,Intermediate
18,178,78,13.148157627093708,8,63.851272443481214,Beginner
22,188,62,24.73138981558653,10,93.11674582198657,Advanced
26,162,82,6.118527002564513,12,64.17305746320396,Beginner
34,160,45,7.843627527747032,2,84.33778601409544,Intermediate
26,159,71,6.05651787817205,4,83.71098162236984,Intermediate
28,167,74,17.516823899647516,12,61.074677442982,Beginner
32,184,71,6.090185548274391,13,51.73995999341751,Beginner
23,175,64,21.728794747522468,4,70.46247868926986,Intermediate
20,174,54,15.238772613638556,9,64.45965759829349,Beginner
34,151,58,15.540152491630675,6,90.44888748068543,Advanced
22,163,71,16.231890154243885,3,90.01820942276726,Advanced
29,151,53,8.416274126124215,10,72.85119760963127,Intermediate
35,181,96,8.95380606228975,3,80.32561126616095,Intermediate
31,185,30,11.376346457460095,6,80.21297579934625,Intermediate
38,177,65,16.86992831643703,8,91.35790742138117,Advanced
28,160,71,9.202355518804291,14,71.25012070615988,Intermediate
26,184,77,7.326634542665225,10,63.77233398952545,Beginner
19,167,56,24.402337728368643,3,63.25174590702737,Beginner
29,157,87,5.439636296192458,3,76.80961396411021,Intermediate
20,160,49,21.053948106720433,5,72.45741013661063,Intermediate
20,165,61,20.76070299150044,5,72.00603854924681,Intermediate
18,170,79,10.94428227690192,6,54.55686695448536,Beginner
25,168,85,7.712532320146268,14,85.93018703450977,Advanced
39,155,48,7.912572934108468,0,60.68683439909553,Beginner
25,182,109,18.94863234474385,12,59.84768151043607,Beginner
28,168,56,17.856131821723473,10,70.63791601386967,Intermediate
26,162,50,20.654913485027734,13,61.38891708089007,Beginner
22,181,77,23.749623447982092,2,79.19291336540077,Intermediate
31,158,64,18.83854726533184,8,68.57316696672358,Intermediate
20,153,62,8.11703073102887,5,72.44558612963951,Intermediate
38,182,78,9.868852335308214,5,76.85846608020144,Intermediate
22,188,47,21.84387461746229,4,60.17677612409024,Beginner
22,165,44,9.186121516684171,10,57.78758114327649,Beginner
36,169,61,6.450446339089629,2,94.02109514368024,Advanced
31,158,86,19.06560108084501,10,71.68618514157106,Intermediate
21,170,61,13.050527109802841,4,70.60468048162696,Intermediate
30,165,93,23.400801050918073,13,51.780607513642074,Beginner
27,168,88,18.00510142187323,0,74.89881512936967,Intermediate
35,174,74,6.8083795558332145,2,77.70848608055,Intermediate
25,159,75,23.957131345073215,3,77.94204354773332,Intermediate
25,166,74,10.171145272804917,4,85.35155846614421,Advanced
24,151,72,11.744249808125716,9,58.87409174955059,Beginner
25,166,64,13.045208273670841,8,62.61115671153094,Beginner
31,169,66,6.024485928086265,3,90.53652326152064,Advanced
36,172,53,14.930308444612097,2,97.3585308421697,Advanced
23,172,36,7.466369821505845,9,56.796637368366035,Beginner
18,179,86,13.019406533767036,0,74.88247772526091,Intermediate
32,154,72,12.014195759841686,12,60.708812636979346,Beginner
18,155,70,20.45680166853007,9,53.00365841774912,Beginner
34,175,75,21.063410232654622,5,66.27516690630677,Intermediate
18,149,57,8.06825764778176,6,57.18438125921064,Beginner
32,171,54,12.331023747584524,9,85.49665367171232,Advanced
19,158,65,12.467063220636634,14,76.68627068357222,Intermediate
31,185,90,8.028208878721701,7,57.191723549515544,Beginner
38,172,52,20.96907010102381,11,50.46207942027572,Beginner
25,167,30,19.144566566708466,0,90.40785245121063,Advanced
25,182,62,8.807635725940695,11,58.80972030821238,Beginner
36,159,87,12.33443817187598,3,80.3108321110383,Intermediate
24,161,44,7.116100497130285,10,66.84609565383728,Intermediate
36,157,52,17.56413194186088,4,79.27429691575178,Intermediate
23,161,73,7.427438490972394,1,65.7826813491162,Intermediate
23,170,108,24.718683372498354,0,54.34697803461271,Beginner
20,174,49,20.613641493757246,7,61.14750042788768,Beginner
24,179,49,12.804770991679902,5,59.40292832395378,Beginner
36,151,75,16.57127864558709,4,71.40096762198219,Intermediate
25,168,88,23.226836324328175,12,82.91418917130787,Intermediate
27,158,60,16.081985607916522,8,63.19030374731788,Beginner
37,167,45,8.489969727959103,12,50.6034967650309,Beginner
32,193,76,12.574067111623187,10,75.94686821323785,Intermediate
32,172,79,21.86289730059491,12,80.2879744679486,Intermediate
18,178,96,17.884260319792357,10,98.14352470009048,Advanced
37,189,79,18.014487686676006,1,79.47354015466235,Intermediate
24,181,82,22.336429713769782,9,73.55862796890709,Intermediate
21,165,66,22.879461149250094,11,78.6700812948852,Intermediate
23,157,106,23.395851435588725,7,96.39503149310136,Advanced
18,169,64,6.896983865063122,10,91.41890728008232,Advanced
22,164,60,15.882520039262019,13,66.1489366681904,Intermediate
18,154,97,19.810190424366372,9,61.86271818285687,Beginner
21,172,47,20.138536902540274,12,63.13168061830368,Beginner
39,172,42,17.134324039400077,8,75.22105198576065,Intermediate
19,187,71,8.335746703673482,0,87.20247256142889,Advanced
27,166,69,20.94841107883329,6,75.1609603591481,Intermediate
22,172,66,19.402226670298916,7,53.38981979140563,Beginner
27,163,84,6.722715430980726,2,86.17903502199906,Advanced
18,178,56,14.276196493487525,13,90.29850643354769,Advanced
39,168,70,8.479547990436071,3,64.47489325598599,Beginner
23,158,64,11.749540914259438,12,83.20628696416752,Intermediate
30,169,56,5.361621844113708,2,71.32959505271967,Intermediate
32,173,69,13.006597368215164,6,94.45596778637214,Advanced
21,172,82,15.997538423124208,8,92.26127790803699,Advanced
30,180,101,17.391651856541735,2,76.27159991548211,Intermediate
37,155,78,18.269806902574203,12,84.57527729067972,Intermediate
32,161,32,21.7258262620492,5,94.16748505110519,Advanced
25,176,69,9.309258145514601,7,74.78585050391378,Intermediate
22,162,70,7.4096364487693585,5,65.6625370244411,Intermediate
32,172,84,22.030743437958513,1,87.68330689547906,Advanced
21,145,72,8.132256297852997,12,61.00331273923459,Beginner
29,197,88,24.495201626723905,6,69.4265574003021,Intermediate
30,167,75,21.85076458797274,1,93.28636185533969,Advanced
19,181,93,15.017532117791983,1,86.22111701346574,Advanced
36,166,63,24.628428498440506,1,70.19055026237496,Intermediate
36,174,72,6.947534582160085,10,60.73722512041787,Beginner
21,184,82,11.061315223502033,14,67.79841954161182,Intermediate
21,181,61,17.76448830081223,0,64.20520746137166,Beginner
28,167,58,12.000137369463575,13,58.804464397192696,Beginner
22,168,60,23.567451039615836,10,87.16664567828283,Advanced
37,180,58,6.312521763556351,0,62.603494342508576,Beginner
28,193,77,15.988236641219292,13,72.70837350838819,Intermediate
27,171,42,16.81732534790229,6,69.29297234180545,Intermediate
25,189,46,18.054562475544483,14,99.10386893178153,Advanced
23,167,97,10.11332446663629,12,69.55461220741103,Intermediate
23,179,59,12.291328550397289,13,53.99912413983774,Beginner
25,181,73,21.873610593299553,13,54.4912876286042,Beginner
32,165,47,8.898855379403196,14,79.53768606765324,Intermediate
31,162,71,21.53735694346724,13,79.96817758691328,Intermediate
28,181,59,16.253108458054847,11,70.93794952413275,Intermediate
29,164,46,20.24375022388164,4,71.59218461560148,Intermediate
30,161,90,19.27214732526943,10,52.69662914204356,Beginner
25,163,87,9.15022990769758,2,75.82732551946312,Intermediate
35,164,68,16.37625472867746,0,75.23697376901758,Intermediate
18,178,84,22.35446305610185,10,57.47746592784723,Beginner
32,175,98,13.642324736038587,9,55.19196930554638,Beginner
25,177,81,24.331815404466333,5,56.17862452997453,Beginner
28,174,77,14.04430200203436,10,55.051412324562925,Beginner
29,164,72,7.855712733357693,0,80.485409776838,Intermediate
29,176,79,12.788693601553465,8,59.82413262014593,Beginner
21,181,64,24.034048127810742,1,62.57150760937317,Beginner
33,175,65,11.394416986797085,0,58.678607207571986,Beginner
21,174,76,22.361963197341257,14,97.89176522242515,Advanced
22,162,62,22.625013633637796,11,92.73087315759177,Advanced
22,172,64,12.00373048663922,6,61.52474186757604,Beginner
25,161,70,6.665153161012642,5,66.3783146961063,Intermediate
27,169,87,19.491158183176367,5,60.49464211524986,Beginner
34,153,53,11.23024598027972,13,74.59379797304119,Intermediate
26,153,81,20.658472285151447,4,50.98052662371268,Beginner
39,168,81,13.853096965208662,10,83.5684004448398,Intermediate
36,164,81,14.70533484685243,3,76.15790749088208,Intermediate
31,171,57,20.558188134970734,10,94.93194641505517,Advanced
25,168,44,12.647266621232557,3,58.21963421642071,Beginner
26,170,78,13.862546906458292,2,90.20546230305658,Advanced
39,176,72,12.523809375392442,9,89.59805072333579,Advanced
28,165,85,12.346810305545599,7,56.35905946084435,Beginner
18,167,59,15.518931538029188,6,69.92796120720638,Intermediate
31,184,81,21.175988890023014,8,58.50763205722585,Beginner
22,170,85,12.235366238451316,0,62.73602502287744,Beginner
38,168,68,15.485094410754733,6,63.16230874152722,Beginner
31,170,76,18.414546508852016,9,77.81181970128864,Intermediate
21,168,75,10.3887889260731,3,70.57054658802328,Intermediate
39,162,57,10.550456098047851,6,97.38664020031527,Advanced
18,160,77,23.668262540469097,12,56.318507097350256,Beginner
39,162,94,19.470691466621773,11,98.68460674250994,Advanced
36,178,70,16.543733524466177,0,61.5319320107132,Beginner
25,163,48,17.95440108841224,4,88.64369681909265,Advanced
32,168,59,5.585988862068367,2,66.94849630864107,Intermediate
38,177,43,17.362059311233935,4,57.154069770865696,Beginner
32,167,89,15.190177464484037,3,92.894459262312,Advanced
26,176,81,15.914993595588713,1,65.44304496182316,Intermediate
38,154,62,12.188476536616342,10,82.94277021134211,Intermediate
26,168,48,6.629477954258838,3,78.32218425433133,Intermediate
27,170,57,8.866784672241044,2,73.58781546954371,Intermediate
37,170,60,24.014894264253435,12,74.79097363242695,Intermediate
38,153,71,13.17399124541868,0,86.61189570461437,Advanced
26,182,71,14.333663116617284,11,54.38864570617203,Beginner
20,161,90,6.05419579706878,9,83.40903309789526,Intermediate
37,173,59,5.751324590879612,7,94.79060506992894,Advanced
28,170,47,19.343628940935155,14,52.88940985099321,Beginner
23,180,52,15.761893282422225,4,57.03266696168334,Beginner
19,191,69,15.174119684325333,3,85.83159683510158,Advanced
24,157,59,9.862490608453374,9,71.86408241223089,Intermediate
35,163,65,19.895014632598446,11,70.17743104068441,Intermediate
19,171,63,8.364731582169838,4,56.84833172721179,Beginner
34,158,84,8.7986948732204,3,75.3385020358894,Intermediate
28,177,61,14.21424342696551,2,56.32726555981886,Beginner
29,178,64,10.725597242238818,4,73.83102281552702,Intermediate
36,175,80,9.949259624662927,3,88.18076494808284,Advanced
39,172,61,17.904752891066632,14,62.913217894358176,Beginner
24,183,76,18.01943490437089,0,74.03930840898636,Intermediate
37,158,74,21.490341395998584,11,99.60079846984178,Advanced
23,170,72,13.354171339459517,2,84.33252116770186,Intermediate
38,162,52,6.461701820523005,9,92.06783856525993,Advanced
18,178,88,10.473327698429154,14,70.74238032802728,Intermediate
34,151,103,24.60010926393634,9,88.39304615629277,Advanced
28,169,70,16.925171504654042,7,52.02545864706609,Beginner
39,173,54,19.194741696020404,6,56.14555912711225,Beginner
35,160,70,5.14715659250829,1,60.15352964600311,Beginner
38,163,84,15.364114643650417,0,70.09759623076098,Intermediate
34,170,60,5.750573150636063,2,92.28724391628816,Advanced
24,179,68,16.38460424182896,4,67.31330253939652,Intermediate
34,159,75,23.415416992721507,9,82.73105967577314,Intermediate
37,161,88,24.368382610008158,14,85.46571474017418,Advanced
26,181,81,15.811053507778484,10,79.30911770441708,Intermediate
34,167,82,14.164096105044319,11,67.86209840850681,Intermediate
37,162,63,23.90034188496988,0,78.85266708567721,Intermediate
39,177,76,18.4721966399339,2,67.1132796394873,Intermediate
39,165,59,6.297985590768189,2,54.1936869276006,Beginner
25,180,82,14.314511553349952,4,99.64019890930072,Advanced
34,163,87,9.804900369286077,2,56.35912268162554,Beginner
24,168,78,14.396086428973632,12,53.61741919180287,Beginner
18,179,64,14.109311440127234,8,93.92653746035779,Advanced
30,167,66,16.64289605629484,0,65.09173304464476,Intermediate
36,177,97,12.135409806985024,3,82.51484870367538,Intermediate
36,169,64,8.285408989118562,12,66.45028648311164,Intermediate
34,189,85,15.074388691799125,12,69.57271353972357,Intermediate
30,185,75,21.60405768691524,9,63.10564860083983,Beginner
33,156,64,18.280244561352045,9,67.15220028965051,Intermediate
25,175,49,11.767357318504317,3,70.53502002932716,Intermediate
36,161,73,23.710460455177145,0,86.02080345461715,Advanced
35,171,71,23.24415142498364,13,75.57680971173959,Intermediate
18,170,97,9.186967987681975,1,97.17826085784884,Advanced
31,159,57,5.78835170240726,10,52.094019691938776,Beginner
36,180,104,19.826174167015246,0,75.1534161316014,Intermediate
32,172,75,21.552205226983066,5,79.2112394415859,Intermediate
35,167,75,24.357291319027105,2,96.0098493037137,Advanced
19,165,61,22.796727881766216,6,52.45792618107138,Beginner
39,171,74,17.010695364128296,4,78.6749792467608,Intermediate
34,174,77,15.601046784247616,8,92.68149642639784,Advanced
35,168,84,5.556821025251725,6,62.09638640596183,Beginner
23,141,55,9.933128936895557,3,93.81461742619688,Advanced
36,170,91,14.192295034658528,4,50.952170463714594,Beginner
21,155,75,17.570078001671355,4,86.6227314566865,Advanced
18,167,79,16.145036666368213,10,96.65566105843266,Advanced
25,155,66,19.85271979363381,14,82.85988308200311,Intermediate
24,155,56,10.595338617740817,4,71.9514621990224,Intermediate
20,182,71,16.299052153049466,9,52.2440508236359,Beginner
27,166,72,6.762844867815843,8,96.00569066613144,Advanced
27,166,49,13.27331047166414,9,73.51481113457874,Intermediate
36,174,81,20.00321665909202,2,51.4498372167974,Beginner
31,166,84,18.86801706858088,5,84.4910535664381,Intermediate
19,191,59,24.81285474344358,7,74.0918626788129,Intermediate
18,167,54,10.55782251975512,10,56.217265872120535,Beginner
35,173,65,14.963785983479582,8,60.71359046551298,Beginner
24,179,70,11.590608275479934,12,53.22453402279231,Beginner
25,186,66,13.812062281183495,14,78.71467698542868,Intermediate
18,162,69,22.139002597387762,6,81.10147396260047,Intermediate
20,165,73,18.684181503769732,11,75.28711491777221,Intermediate
25,182,49,22.648823826951634,2,90.85510665013075,Advanced
39,178,51,9.070222166637729,0,93.05044106540068,Advanced
32,180,29,22.46722235682876,3,80.78121983415633,Intermediate
22,156,84,6.195245483567689,12,50.637823985371526,Beginner
20,185,70,22.771985608743048,5,84.76148278738678,Intermediate
36,162,85,11.581475589214559,2,70.89996084601758,Intermediate
18,171,52,11.29175266828133,13,78.27787416131935,Intermediate
32,168,70,15.241771533973278,0,82.45403010094422,Intermediate
25,161,73,23.813803754464637,5,67.51183071635384,Intermediate
19,155,61,5.955627293628107,13,95.8549252585897,Advanced
20,152,46,12.044619501414907,0,56.69874333748906,Beginner
31,171,96,22.131439773666713,8,83.57559036405186,Intermediate
31,154,90,12.921089548709334,10,50.21797899782902,Beginner
28,158,64,8.983137951941341,13,96.23255527025904,Advanced
33,167,77,13.495883626628235,11,55.62520666190458,Beginner
21,143,62,12.711050029833386,0,54.74421150737873,Beginner
37,177,55,23.30832402933407,12,66.65038165261221,Intermediate
22,145,97,20.238687514861944,5,68.67831430195403,Intermediate
39,169,45,15.102311114880127,0,60.71500361614393,Beginner
38,170,65,24.767411334431422,11,79.25608304635624,Intermediate
31,175,71,14.305550625518466,6,72.14570490209817,Intermediate
33,169,94,6.164756616405505,2,51.70877945205437,Beginner
35,190,83,10.245486436299698,5,65.98260311276503,Intermediate
24,172,44,13.721409604386253,6,90.52164567865853,Advanced
27,180,69,8.138052482922403,0,84.48507674309343,Intermediate
24,162,70,23.95130252648086,0,86.24354267899403,Advanced
18,171,66,20.33697795635546,12,84.90584620417619,Intermediate
38,185,79,10.365744008555453,4,65.54865106915166,Intermediate
36,167,48,16.816090670358317,5,54.98319610383879,Beginner
33,171,63,19.42898314219144,14,63.6233592016548,Beginner
36,179,77,23.82557857813596,14,91.58926500925796,Advanced
21,162,80,22.632706983508214,8,99.02353988915355,Advanced
35,148,72,15.303844522764274,13,74.69235073707807,Intermediate
19,172,65,20.493052395860353,0,50.48501774615211,Beginner
18,179,68,16.2428950765517,12,57.00224060671145,Beginner
32,156,81,16.054077800910804,3,66.1040287658133,Intermediate
22,176,70,7.294839166763838,9,78.9292674296475,Intermediate
37,176,54,7.522753160323042,7,53.7546822902657,Beginner
28,147,51,15.59067230044915,9,97.16786493549408,Advanced
27,160,47,10.377230899580132,8,68.25418366422004,Intermediate
19,166,91,5.420738049209373,14,95.62921089624115,Advanced
20,168,82,19.456784078004247,12,89.02609013785109,Advanced
29,162,68,5.649731933803299,2,87.77186362577905,Advanced
37,162,63,16.90553682208109,10,80.3359789891116,Intermediate
22,186,61,15.783875882546287,1,81.33919085259222,Intermediate
22,168,86,24.37629381155609,3,81.90016176081241,Intermediate
23,163,98,14.684262786952832,1,81.4360693512791,Intermediate
26,169,60,6.272028727555947,0,77.68641156991806,Intermediate
19,175,87,16.033759356129234,11,99.32070092414445,Advanced
38,170,70,21.82192341232203,2,86.6145283712848,Advanced
29,167,66,24.936985685628798,6,88.84731941962606,Advanced
20,163,92,13.60686347378145,12,93.62314075418371,Advanced
37,163,69,11.40597484993485,12,60.781988136292455,Beginner
39,164,74,23.13306593903998,0,54.19020795475304,Beginner
29,173,73,8.824842581522427,1,74.14472182992994,Intermediate
34,160,45,17.30857830065853,0,75.70403478096367,Intermediate
27,173,74,13.114288483618955,7,91.45908899749588,Advanced
31,184,61,5.821647299111106,4,72.18917896411679,Intermediate
34,173,48,11.945769486113955,7,78.54265127721564,Intermediate
35,166,62,10.304570450053491,2,76.35354692567292,Intermediate
36,157,62,18.721823078869736,12,51.910139187869554,Beginner
34,185,85,23.975809953838365,11,80.76074482984569,Intermediate
31,158,54,10.360943747572755,6,91.40216428871261,Advanced
26,178,58,21.229318783033634,7,57.87502740379019,Beginner
25,176,73,6.1071963387681905,14,79.71658669632978,Intermediate
19,167,50,15.762420200796264,5,79.68052722232072,Intermediate
30,167,60,6.411001274197892,12,58.20924820281794,Beginner
24,151,45,23.680659822612785,12,56.1731786865368,Beginner
26,173,83,20.327025611147803,6,99.00259714882424,Advanced
39,176,65,18.158998224091846,13,69.68595848265187,Intermediate
39,159,69,21.477927632493284,11,61.37108643617646,Beginner
28,168,83,17.950395911403263,1,58.56622722271875,Beginner
31,170,59,24.37888794348582,7,83.38008567916175,Intermediate
21,175,65,19.27915895729543,4,80.47226486636394,Intermediate
30,170,54,23.493172191644934,6,82.17760614937087,Intermediate
19,153,54,15.34263784021276,0,54.40030137557261,Beginner
22,164,56,7.341288259637253,4,94.67672917492185,Advanced
28,172,62,15.563554428460343,0,69.46331984045241,Intermediate
23,178,64,7.537456561261866,11,65.6684703215179,Intermediate
35,163,74,16.8498695835281,12,73.11807236238695,Intermediate
38,191,56,14.649861210553258,7,69.50330328738141,Intermediate
27,151,74,17.451507956655632,14,93.1788501569573,Advanced
21,164,77,5.200939621096632,3,96.4630487598946,Advanced
26,169,62,8.896809833107282,3,65.17266082248031,Intermediate
23,167,57,14.826608638242618,1,93.19679037299774,Advanced
19,157,71,24.010071231782696,4,89.07615647665335,Advanced
34,174,66,12.672180807103167,0,96.54038361723809,Advanced
22,173,73,13.487440521072694,8,62.28751560929439,Beginner
23,170,93,19.293921780132443,4,78.84795750604896,Intermediate
29,173,71,17.07585514572236,5,63.72722923702223,Beginner
38,165,60,10.978523001966664,1,91.2047245242187,Advanced
27,153,56,13.216327911348555,9,50.26620952855321,Beginner
39,162,57,9.353995977144649,9,78.2409581443198,Intermediate
38,171,48,24.320429182604173,0,66.9601715635959,Intermediate
23,171,83,7.612687631147194,3,66.13418535389101,Intermediate
25,170,36,12.436735691328389,6,82.24531619324586,Intermediate
19,175,77,5.516779444400224,5,92.5742224656997,Advanced
29,164,56,9.435589838670928,9,80.4597695696663,Intermediate
30,170,62,20.6094227676031,0,92.65864893233612,Advanced
38,175,56,9.023504645777589,0,63.2298555940515,Beginner
24,169,91,6.601268050579312,7,75.97509273824906,Intermediate
27,157,70,14.489063596890466,3,72.5268269533538,Intermediate
30,160,81,5.1993846946903695,4,50.58224497515481,Beginner
34,178,89,6.6953230885266635,12,77.840607157037,Intermediate
38,183,72,21.1525173912595,6,83.07621620730875,Intermediate
31,181,52,20.42946689719213,7,79.5957202209535,Intermediate
19,172,66,23.30277640809792,14,86.81399493917107,Advanced
39,157,58,22.09030871821499,9,78.56697642265385,Intermediate
28,169,62,18.663511264796362,6,53.33751274253785,Beginner
18,185,68,6.046657146013256,1,55.82227620423557,Beginner
36,176,67,20.65697235973315,13,79.82372887719762,Intermediate
38,167,76,21.910216216811207,14,63.748959598682006,Beginner
21,176,78,20.98164291543909,3,53.982256451738294,Beginner
36,157,67,15.169580706160522,9,71.48013717242733,Intermediate
38,163,76,9.658036772989632,11,77.71612990418276,Intermediate
28,159,61,21.906599513774534,0,66.43729941748033,Intermediate
25,174,89,19.54325619480277,9,86.02168511128889,Advanced
28,177,61,24.61522348777703,8,82.18853040506224,Intermediate
21,168,87,8.113851955118658,2,66.6409180545836,Intermediate
34,161,47,9.513291661041102,11,87.74362644542802,Advanced
24,169,64,9.235962997630054,2,82.43475212665177,Intermediate
25,165,65,20.850795352426736,9,81.87226893589511,Intermediate
20,162,74,8.738145929002364,8,77.6713850393534,Intermediate
39,173,82,6.333196596466122,9,50.56948340442764,Beginner
19,162,51,24.971216131712573,2,84.82535917384445,Intermediate
32,154,53,5.4963442289029825,7,68.80208955545783,Intermediate
39,156,48,21.70488120317731,1,97.13048550793278,Advanced
39,153,89,12.307336831013057,13,90.89923855386027,Advanced
22,172,74,21.832309195156306,12,79.38472347656561,Intermediate
18,171,53,16.092409824222898,2,62.60909909096347,Beginner
21,171,63,23.032624589727202,1,60.18586966388333,Beginner
32,175,87,23.523859728292532,0,67.01924188387746,Intermediate
37,181,65,5.18196362561552,1,73.82839717900093,Intermediate
36,164,64,6.508243519855766,7,64.80327550194735,Beginner
20,174,58,10.00717459141711,8,75.74647476962414,Intermediate
37,154,54,18.386308327270033,12,58.268521275659296,Beginner
28,183,87,22.76544393023012,1,98.88564064127499,Advanced
34,157,95,14.198839025879256,6,55.39622774824969,Beginner
30,162,55,17.139462325485308,14,96.5972069827186,Advanced
28,164,91,8.769997055911222,4,95.67890057013474,Advanced
19,154,62,21.09933667763371,2,76.2680240909749,Intermediate
26,170,78,24.346562227069395,8,86.24551359180421,Advanced
19,172,91,10.37197865829195,14,71.8024148986294,Intermediate
38,168,67,14.896519032010927,5,81.5017288771219,Intermediate
26,154,65,6.722322210127476,10,67.02879687105593,Intermediate
26,189,82,16.18273312925937,0,65.05795098927227,Intermediate
25,175,53,15.055668836933611,4,78.91148930847568,Intermediate
34,196,87,7.888729683101552,6,74.90648370919902,Intermediate
18,161,72,13.8413242623615,3,78.97681845749905,Intermediate
28,179,61,11.682093041731266,7,64.33302906435115,Beginner
25,177,60,15.436617506103786,9,68.34789159084977,Intermediate
27,167,49,16.713086708575986,4,54.19489803144546,Beginner
24,184,61,5.169911572144191,8,52.613818613610285,Beginner
20,165,66,20.22011965899111,8,62.67285648365081,Beginner
20,166,54,19.260285837234818,8,53.71234296652729,Beginner
35,135,69,12.325727724130445,0,55.18873543173704,Beginner
22,174,77,6.058718711376365,1,90.64642026969685,Advanced
29,156,66,20.09865079570101,2,51.943684850834465,Beginner
29,164,79,24.10350320956265,13,82.94713969673714,Intermediate
36,159,57,9.803031920440283,3,63.627887440770024,Beginner
23,166,85,11.470492274740758,9,93.57728403540632,Advanced
19,174,71,8.6762577896363,8,74.24961422887498,Intermediate
29,170,93,16.538722466896793,9,65.27882296639129,Intermediate
36,177,106,8.096827892949099,12,75.88194678447172,Intermediate
22,182,62,12.123878869227589,5,69.09790095226344,Intermediate
29,166,63,18.94026027868526,0,78.21505323349152,Intermediate
34,165,66,16.202319660186966,11,55.726643416317415,Beginner
34,179,78,12.729251286558705,8,99.84952514062755,Advanced
27,180,89,13.404992036150837,5,71.27779388483587,Intermediate
34,177,60,16.24221765246459,3,67.41153198536844,Intermediate
32,160,75,5.117294557743226,13,85.51049241581325,Advanced
29,174,67,6.570197369072197,3,68.19497032476662,Intermediate
33,171,79,22.625161355260232,2,91.66371525143788,Advanced
36,180,92,6.557579781825815,6,72.71353621802126,Intermediate
25,164,66,19.136071924210103,2,85.97792066327175,Advanced
38,153,44,23.400763282181053,1,55.372660822094325,Beginner
34,176,81,10.413672086034623,9,92.30595927775559,Advanced
22,144,57,12.409828741190285,7,86.7858993389055,Advanced
39,162,67,16.378428116894327,3,60.58583892309829,Beginner
33,159,81,22.634179392771692,7,57.26430048728933,Beginner
23,159,74,23.838111745208405,0,65.81461743628122,Intermediate
25,162,68,19.791264962225362,14,98.80352930159522,Advanced
35,182,61,6.732395217093881,4,62.84157872835293,Beginner
29,178,26,18.383083110697015,12,72.80636044733166,Intermediate
32,167,80,13.20607443745324,8,51.50101128586682,Beginner
26,181,66,14.414019989821231,0,69.86137647831163,Intermediate
30,159,92,5.982967806903541,10,78.56600077165514,Intermediate
32,158,75,8.821242786927163,12,97.65623062539825,Advanced
27,178,61,20.810272150672954,3,75.83680224700322,Intermediate
33,175,86,14.079176660957195,5,90.95536630888438,Advanced
24,165,87,11.033244832622977,9,77.35638212844503,Intermediate
34,158,66,12.680381479299163,7,52.0392506717759,Beginner
38,184,87,22.087990266513604,13,65.75041375948871,Intermediate
39,152,61,19.97998034809914,2,78.77747539155516,Intermediate
24,164,72,10.446307943621655,4,97.52969829655622,Advanced
31,172,78,7.350036804247466,6,92.95651798756167,Advanced
32,188,81,10.039964432881433,0,61.41778070894238,Beginner
38,173,79,23.415129021094675,14,61.00549150095817,Beginner
24,174,65,16.63177675699511,6,60.05864835569504,Beginner
26,164,86,15.669604174895657,12,96.12494481512516,Advanced
36,175,68,16.92787199384923,11,92.63330765508604,Advanced
33,171,61,12.320565314930306,10,88.74417161264743,Advanced
25,154,61,21.142140406390254,7,69.63675571121138,Intermediate
35,177,99,15.465724986004997,7,75.21903521493834,Intermediate
35,179,58,7.33495805537591,8,73.21658723975764,Intermediate
37,178,89,7.581302496581259,5,62.66990537796863,Beginner
24,170,52,15.737182930052366,11,75.25140230743835,Intermediate
20,160,77,23.731404361416782,5,51.524827392637725,Beginner
35,146,74,11.167042433523974,1,56.59051867487296,Beginner
27,171,94,22.390823377184365,2,94.32947980844732,Advanced
24,180,60,20.281911731577587,3,87.58398835157116,Advanced
34,179,56,9.956248858138137,3,71.14342045295436,Intermediate
31,178,68,5.726814966324849,7,75.85751811419387,Intermediate
20,169,94,7.036945302847655,13,68.49994429799887,Intermediate
29,180,56,19.569878676948804,0,87.03899335803362,Advanced
30,179,31,8.993394760812933,9,89.20935896160398,Advanced
19,165,70,12.425418410107875,13,88.16425951015796,Advanced
20,176,84,15.033983320128497,3,86.13058624172248,Advanced
22,164,54,19.509363369003257,10,60.22521693463979,Beginner
28,175,82,7.264624465182507,11,66.89849896202394,Intermediate
25,157,54,13.12732810554923,12,73.49227174918374,Intermediate
29,157,67,14.701458182853909,10,66.53964957138278,Intermediate
24,180,81,15.816541279430794,10,87.74701000791646,Advanced
32,179,52,21.367212827904332,3,66.46767621249774,Intermediate
34,176,72,8.433563900864339,0,56.91160433926686,Beginner
21,170,88,21.156629036532447,2,69.95202260241521,Intermediate
39,146,77,18.857568553933042,4,98.99572163911901,Advanced
30,169,59,16.11741628397919,5,61.29407064667879,Beginner
35,174,92,18.990557408051437,8,80.60793294716146,Intermediate
18,164,79,13.240354779033128,8,71.64865249198532,Intermediate
33,162,42,7.767951719362491,8,53.551228382466334,Beginner
30,184,82,18.315304805307346,10,74.39383029990297,Intermediate
27,169,61,15.493446133712446,0,85.10821643241562,Advanced
29,174,72,17.78749601085551,11,75.66099879139094,Intermediate
19,177,85,11.7599756205698,8,93.60530318732906,Advanced
20,159,61,23.137331546796716,12,64.44685083287914,Beginner
27,171,45,16.74739737151154,7,54.31245856519825,Beginner
19,183,92,6.7080496858174765,1,96.8282805829003,Advanced
30,188,87,13.996079814088574,12,68.90981747641095,Intermediate
30,170,68,20.127121094872685,10,78.82027757268168,Intermediate
35,167,82,20.88269123464545,0,89.6001563065098,Advanced
20,172,64,14.891941055275176,0,66.21568319377903,Intermediate
24,172,71,22.89495141662602,11,85.80822690888056,Advanced
31,183,67,10.353368743885952,5,56.7709424908914,Beginner
37,160,65,13.211973944765331,8,64.56468736027526,Beginner
34,167,75,22.971938211379403,6,57.235531806825996,Beginner
38,158,51,22.92513432943158,4,90.56152792006789,Advanced
29,159,66,18.714255376493618,10,61.13246176133927,Beginner
33,173,74,22.179610942444402,1,85.87017777026051,Advanced
29,178,97,6.775465339124653,0,97.16491986228263,Advanced
32,163,52,22.299899524155528,1,76.38861045344385,Intermediate
27,177,77,11.412398131004535,0,77.00145961303438,Intermediate
24,181,79,8.566630248564326,2,73.0516784048906,Intermediate
37,189,41,9.787396726840926,5,66.29450716968213,Intermediate
22,170,76,13.359370160277741,12,73.78275154624586,Intermediate
18,163,83,10.023840092089344,7,80.14037661333796,Intermediate
34,159,78,11.41135172032998,2,99.29957860853297,Advanced
20,158,68,7.699569721432842,9,96.88822796591121,Advanced
30,182,74,10.92353531117997,8,93.1076479146561,Advanced
31,154,72,16.445676290840023,9,94.45652678524291,Advanced
35,182,44,13.83707416182128,4,73.39245916460214,Intermediate
21,161,72,11.934375224718224,6,82.87221635887323,Intermediate
35,163,64,19.92904257714228,7,94.75333614681071,Advanced
22,168,59,22.870199427866357,2,69.64753824956765,Intermediate
33,162,107,20.13578445804794,1,98.08812391727344,Advanced
18,179,88,11.640014042353585,1,70.78930310345915,Intermediate
38,188,52,19.888843356751075,4,80.05413326966078,Intermediate
31,163,75,8.039603649481023,14,85.49023566361859,Advanced
32,165,91,7.606359761825818,0,97.52960065379692,Advanced
26,168,47,11.912540740723179,14,62.230813702613304,Beginner
32,175,71,21.15404738088114,1,87.30654891193211,Advanced
34,168,71,9.926964944846038,12,76.0407793072041,Intermediate
21,183,50,6.265068177973592,8,63.427857031032055,Beginner
29,181,75,7.634190704127102,6,88.83034198981953,Advanced
22,158,86,22.174899370591604,14,77.61111400869233,Intermediate
22,175,92,17.675665694945753,14,83.04869103248379,Intermediate
28,185,66,10.064023267399534,5,66.14505342889505,Intermediate
23,165,107,16.105916506563627,8,74.06369759138025,Intermediate
24,167,39,15.551592448507009,6,80.86771254940335,Intermediate
31,164,75,18.108719568813225,13,70.2455407134922,Intermediate
28,164,48,9.663751088432326,10,59.918626992385065,Beginner
30,153,71,22.288059743887953,4,98.08202461576519,Advanced
19,156,62,11.187371241600257,14,75.57337700213087,Intermediate
24,170,77,18.882633079524737,8,86.69601851438503,Advanced
37,185,68,5.322492927444298,5,70.55235967780291,Intermediate
21,163,57,12.453142597882945,5,67.75658820128581,Intermediate
25,163,58,12.034196359176166,10,70.35821492335626,Intermediate
37,187,98,15.86968857166029,3,70.4598321892825,Intermediate
39,158,76,6.45472523554393,12,77.20900579709767,Intermediate
38,153,44,20.80262747452217,11,77.17349349906816,Intermediate
36,161,78,9.355616035351371,0,74.85769079414358,Intermediate
30,163,67,18.540756297640204,4,56.7392892458719,Beginner
31,152,70,21.064242464881865,10,74.80377392502656,Intermediate
27,168,82,16.237539124830263,8,58.45519502103257,Beginner
28,179,87,19.81766413443971,12,56.30678931478826,Beginner
19,157,57,18.23720624430011,7,96.63228586705839,Advanced
26,170,69,12.110595943040153,7,80.24750065738522,Intermediate
34,173,61,21.177170780671307,4,82.97450290622922,Intermediate
20,169,78,10.894027397710559,11,70.08968351666819,Intermediate
23,171,66,16.424258355030343,8,95.4490445957432,Advanced
22,171,70,19.907954782830792,2,81.89652447898328,Intermediate
22,161,65,12.579118196250151,2,88.45849347617937,Advanced
39,184,68,11.055352152348501,0,68.42812345138569,Intermediate
32,182,95,14.186920203456454,8,98.00059404095627,Advanced
34,181,105,21.35926988698307,5,91.02306450791575,Advanced
26,180,75,23.598435262913295,1,92.69742315072719,Advanced
20,154,68,15.901668257197803,7,58.60971337128771,Beginner
37,179,46,18.229324106473037,11,63.54816039356098,Beginner
34,176,58,23.065472444778283,8,64.28132998417885,Beginner
27,154,68,6.970937028258848,8,63.54546116234356,Beginner
20,167,59,9.641571557323301,1,92.7704081052144,Advanced
35,172,60,19.178000125031648,1,51.5942397604296,Beginner
35,186,93,21.474889238245993,12,53.80499944903872,Beginner
34,177,70,22.140580566611558,6,63.69574353149518,Beginner
20,161,71,13.302143537098651,10,59.99364873247218,Beginner
20,186,59,6.786798045837337,3,61.59298069414242,Beginner
23,170,87,13.755629545992399,12,89.897159462665,Advanced
30,167,66,9.614691804141076,0,78.15632969460235,Intermediate
32,166,62,10.823929099932483,7,50.2885330646484,Beginner
26,153,46,20.445351136750116,1,71.46613828520977,Intermediate
21,168,69,6.510541720517738,13,70.39424634251795,Intermediate
31,174,61,21.55162434961404,2,55.69726347222718,Beginner
22,166,95,13.553381716483381,4,83.80708943007286,Intermediate
19,174,97,16.9212786220119,13,85.10485941897456,Advanced
28,161,51,6.7930446247135805,2,86.04466095260489,Advanced
26,168,53,11.747181567145592,6,86.4235472779296,Advanced
20,173,65,6.794018380296915,6,50.00264134661484,Beginner
26,171,57,24.230874457622193,13,97.69604019233611,Advanced
20,153,73,21.14523298652501,1,90.71043835273315,Advanced
19,165,65,14.192655087129204,12,95.19908482946425,Advanced
29,186,74,9.472050966473422,12,50.782164765371704,Beginner
27,165,85,23.669102104997044,6,96.69293978928697,Advanced
26,170,54,11.891931914539436,10,90.48942643440523,Advanced
32,169,84,8.219688633747495,5,91.86095714793493,Advanced
25,185,59,16.2632877690791,9,54.66436923609842,Beginner
22,182,102,23.87548240689632,8,86.93890144592989,Advanced
28,178,94,5.076605810006452,12,97.99583448210456,Advanced
19,160,68,9.762496865079974,8,83.92736707090803,Intermediate
32,173,55,23.76895280820815,1,78.52807023123032,Intermediate
23,175,52,8.42171933714324,6,97.28148388744985,Advanced
25,163,83,7.264869032796398,4,72.1468560867218,Intermediate
22,161,69,16.40374431599609,12,79.96467831552394,Intermediate
33,187,83,22.236876465896596,5,73.8169146747183,Intermediate
35,166,103,14.542196353878523,0,96.64231106801495,Advanced
23,186,58,24.891285133690495,6,53.80423633827536,Beginner
22,179,51,18.583433990759858,5,75.0559850412674,Intermediate
33,174,72,6.481498144208954,3,84.34762206927192,Intermediate
30,174,87,24.856642633639506,0,89.59532692111185,Advanced
22,155,55,13.157884735603808,8,79.15093237220682,Intermediate
30,172,70,10.748050676909651,3,95.4458872060727,Advanced
34,184,90,16.15758367155771,1,97.09957234419358,Advanced
35,176,45,11.086151836417287,7,53.215961159679175,Beginner
25,171,73,6.729150142403046,1,70.11852697706871,Intermediate
30,187,61,5.028566861583535,4,51.17295108605772,Beginner
36,168,71,13.991667058405246,10,66.47083286872214,Intermediate
20,163,80,21.737268444531846,5,76.84341089853011,Intermediate
25,171,73,16.44630371260153,10,95.53974652549743,Advanced
19,177,54,24.984145978868817,12,92.32771612327014,Advanced
25,152,62,10.736932912943999,7,56.37498633359929,Beginner
30,172,91,10.609101295201107,10,54.65151873704478,Beginner
30,178,74,8.194989204678883,0,79.46336693783336,Intermediate
18,167,82,8.281271765306704,0,76.60589862293914,Intermediate
23,181,73,10.703731920200957,11,63.31888207150119,Beginner
36,176,82,20.856800905470543,3,94.97265422769176,Advanced
33,191,64,23.11513581272896,4,96.36832047307767,Advanced
25,162,58,24.501743394153625,12,70.13057191700813,Intermediate
18,178,81,9.645793081929053,14,94.51512785567601,Advanced
33,159,86,22.625950912281834,12,69.19744471314863,Intermediate
26,153,56,11.56510178554674,8,86.840841591485,Advanced
30,149,61,7.256810890337688,10,73.7971108773862,Intermediate
28,175,67,22.400498510403313,13,56.12915782535915,Beginner
30,171,94,17.722112692872372,6,96.39671006185108,Advanced
38,165,78,8.294617921621235,6,72.70482966887683,Intermediate
27,152,50,13.596625150260051,7,86.72435201612018,Advanced
21,163,68,10.745153897541353,14,68.35869072156461,Intermediate
23,170,66,19.735891374203938,4,50.94404392881173,Beginner
24,177,52,14.06832461248536,4,55.026517934591794,Beginner
22,169,68,24.7855989021277,0,74.81097397449622,Intermediate
28,172,65,6.094899645191902,13,84.49821785631812,Intermediate
30,166,64,12.100305322724934,8,66.73676632896395,Intermediate
36,187,63,14.638003342199548,5,84.77442295888252,Intermediate
27,159,92,15.062671094966396,8,84.93177947159779,Intermediate
27,163,64,11.318716447712735,2,85.19679536639154,Advanced
28,165,70,19.58480498195136,4,74.62609270102541,Intermediate
38,175,69,22.494941469779494,1,95.7443075060752,Advanced
24,159,62,23.77438603955726,9,74.45982589903078,Intermediate
35,171,71,21.101867535990525,4,72.51325967483191,Intermediate
21,171,70,22.011603946131988,14,59.96904095053135,Beginner
19,163,71,16.01090601239991,12,65.38275436781683,Intermediate
31,173,57,21.51776452853629,12,52.11672462591517,Beginner
30,159,66,11.070078182959044,12,81.6767646808085,Intermediate
29,158,81,12.969575242184288,14,62.426787196354645,Beginner
24,170,67,11.338260276370885,13,65.20776272427325,Intermediate
19,153,72,14.347746708958509,7,88.54072608321606,Advanced
30,148,72,10.711592324772727,10,66.36105915807269,Intermediate
31,175,76,24.232228845088937,1,62.10979460065711,Beginner
34,180,78,11.256892560113362,7,58.45288745668529,Beginner
26,165,67,6.9608907622187965,3,88.7429201090978,Advanced
34,163,56,15.536343321008268,9,56.485312899501345,Beginner
25,180,51,6.141981568903527,9,72.68768801251767,Intermediate
19,158,85,7.21086332617161,14,75.34650580385971,Intermediate
30,156,81,9.387787783924926,0,84.36949563428573,Intermediate
20,177,79,14.287004997642834,12,81.66417411664978,Intermediate
33,170,82,13.665018646180558,4,90.53603364725873,Advanced
23,180,67,20.993837240055825,12,52.23757169631191,Beginner
36,148,60,19.789493077682266,0,64.82203623896986,Beginner
24,155,55,13.526365879814026,6,64.00670593876899,Beginner
27,170,53,11.674084151512599,7,57.30084527960541,Beginner
26,174,88,11.329375681229973,2,64.45891269282215,Beginner
19,178,62,20.47990174588018,2,65.48826570714517,Intermediate
32,171,85,6.041448124425395,6,76.09422309637391,Intermediate
22,171,67,5.256432990212117,3,83.1852239463128,Intermediate
39,166,59,20.91088783853296,2,69.0550256805907,Intermediate
21,185,53,14.542927519780985,14,85.97351156566906,Advanced
37,158,61,7.617622771071519,7,66.808266928979,Intermediate
21,173,91,9.711318691890025,2,64.51418386573802,Beginner
35,160,53,23.65007906194765,12,77.05940279285122,Intermediate
21,175,101,22.19005951249796,13,51.18581801528953,Beginner
34,159,57,19.195701004479453,6,53.98945618170002,Beginner
29,177,81,14.644504606746532,1,70.89847717932635,Intermediate
39,171,67,15.406472523827714,10,97.14563556958782,Advanced
34,187,65,24.504890705679173,10,86.07558899217119,Advanced
27,167,50,24.31540887768574,0,54.40632847502789,Beginner
39,174,68,9.305380915716686,11,92.31590063904369,Advanced
18,162,52,21.222091326106362,5,86.61503853040905,Advanced
39,167,44,8.944853323340336,7,80.54732628513266,Intermediate
35,171,71,9.270749557679029,0,91.01464803045886,Advanced
35,154,60,18.521860683291536,12,70.20549238714786,Intermediate
31,155,95,13.100021971750968,9,61.07505254269264,Beginner
32,175,85,23.630888142130402,11,75.60116945543797,Intermediate
